Country,Country Code,Year,GDP per Capita
Slovak Republic,SK,2022,21342.7666714692
Slovak Republic,SK,2021,22138.1949833348
Slovak Republic,SK,2020,19735.4858280801
Slovak Republic,SK,2019,19406.0589683582
Slovak Republic,SK,2018,19573.3717031314
Slovak Republic,SK,2017,17645.5298716761
Slovak Republic,SK,2016,16636.0769133073
Slovak Republic,SK,2015,16442.0760860018
Slovak Republic,SK,2014,18770.9289896545
Slovak Republic,SK,2013,18312.7805149823
Slovak Republic,SK,2012,17516.9691054078
Slovak Republic,SK,2011,18469.4354316836
Slovak Republic,SK,2010,16899.448680529
Slovak Republic,SK,2009,16586.7527805228
Slovak Republic,SK,2008,18744.3192278346
Slovak Republic,SK,2007,16110.4817265237
Slovak Republic,SK,2006,13167.8954730379
Slovak Republic,SK,2005,11641.5410321763
Slovak Republic,SK,2004,10650.1290097126
Slovak Republic,SK,2003,8675.39633696465
Slovak Republic,SK,2002,6554.62808369461
Slovak Republic,SK,2001,5712.47802761654
Slovak Republic,SK,2000,5421.6448441887
Slovak Republic,SK,1999,5651.62327514236
Slovak Republic,SK,1998,5560.916177503
Slovak Republic,SK,1997,5172.41757491248
Slovak Republic,SK,1996,5247.70081044708
Slovak Republic,SK,1995,4882.51158238228
Slovak Republic,SK,1994,3820.96427542658
Slovak Republic,SK,1993,3143.10143068756
Slovak Republic,SK,1992,2959.33644860111
Slovak Republic,SK,1991,2726.59305498582
Slovak Republic,SK,1990,2437.17517010845
United States,US,2022,78035.1753604212
United States,US,2021,71318.3073592183
United States,US,2020,64411.3731779373
United States,US,2019,65604.6815198734
United States,US,2018,63201.0458483771
United States,US,2017,60322.2614241747
United States,US,2016,58206.6141931844
United States,US,2015,57040.2082136605
United States,US,2014,55304.3155317137
United States,US,2013,53409.7507774372
United States,US,2012,51784.4114692048
United States,US,2011,50065.9789470675
United States,US,2010,48650.6643227232
United States,US,2009,47194.9500893872
United States,US,2008,48570.0594269601
United States,US,2007,48050.227412195
United States,US,2006,46301.9876485519
United States,US,2005,44123.3996470026
United States,US,2004,41724.6411982614
United States,US,2003,39490.3023903176
United States,US,2002,37997.7424300242
United States,US,2001,37133.6203973517
United States,US,2000,36329.9702595751
United States,US,1999,34515.3813073394
United States,US,1998,32853.6725949234
United States,US,1997,31459.1299691554
United States,US,1996,29967.7127181749
United States,US,1995,28690.8757013347
United States,US,1994,27694.853416234
United States,US,1993,26387.2937338171
United States,US,1992,25418.9907763319
United States,US,1991,24342.2589048189
United States,US,1990,23888.6000088133
United States,US,1989,22857.1544330056
United States,US,1988,21417.0119305191
United States,US,1987,20038.9410992658
United States,US,1986,19071.2271949295
United States,US,1985,18236.8277265009
United States,US,1984,17121.2254849995
United States,US,1983,15543.8937174925
United States,US,1982,14433.787727053
United States,US,1981,13976.10539252
United States,US,1980,12574.7915062163
United States,US,1979,11674.1818666548
United States,US,1978,10564.9482220275
United States,US,1977,9452.57651914511
United States,US,1976,8592.25353727612
United States,US,1975,7801.45666356443
United States,US,1974,7225.69135952566
United States,US,1973,6726.35895596695
United States,US,1972,6094.01798986165
United States,US,1971,5609.38259952519
United States,US,1970,5234.2966662115
United States,US,1969,5019.99818634473
United States,US,1968,4684.58840293763
United States,US,1967,4325.95935063186
United States,US,1966,4136.30829579106
United States,US,1965,3818.28825117968
United States,US,1964,3565.31443016356
United States,US,1963,3366.36978960346
Canada,CA,2022,55509.393176404
Canada,CA,2021,52496.8441693242
Canada,CA,2020,43537.839298904
Canada,CA,2019,46352.8693445211
Canada,CA,2018,46539.1761570405
Canada,CA,2017,45129.628116623
Canada,CA,2016,42314.0615817218
Canada,CA,2015,43594.1941045394
Canada,CA,2014,50960.8431174661
Canada,CA,2013,52638.1187235237
Canada,CA,2012,52670.3447335415
Canada,CA,2011,52223.8588398531
Canada,CA,2010,47560.6666009406
Canada,CA,2009,40874.8831932903
Canada,CA,2008,46710.2526864484
Canada,CA,2007,44660.0838892281
Canada,CA,2006,40504.0370977806
Canada,CA,2005,36383.6600068095
Canada,CA,2004,32145.5412620217
Canada,CA,2003,28301.8645937428
Canada,CA,2002,24256.0192337185
Canada,CA,2001,23822.096210932
Canada,CA,2000,24271.0020563821
Canada,CA,1999,22315.2466731545
Canada,CA,1998,21024.5850687045
Canada,CA,1997,21901.5628548392
Canada,CA,1996,21296.9723536904
Canada,CA,1995,20679.634792669
Canada,CA,1994,19997.6237373354
Canada,CA,1993,20186.7988782965
Canada,CA,1992,20950.3305287651
Canada,CA,1991,21846.7930471354
Canada,CA,1990,21525.8611387148
Canada,CA,1989,20794.682233334
Canada,CA,1988,19012.5723278349
Canada,CA,1987,16377.6902109541
Canada,CA,1986,14521.1800806
Canada,CA,1985,14170.1249406067
Canada,CA,1984,13930.4745502555
Canada,CA,1983,13477.1031699599
Canada,CA,1982,12527.3135323802
Canada,CA,1981,12379.0368643833
Canada,CA,1980,11208.2027394178
Canada,CA,1979,10077.5026707269
Canada,CA,1978,9154.43325277735
Canada,CA,1977,8949.10989272982
Canada,CA,1976,8838.94710677652
Canada,CA,1975,7536.52009823861
Canada,CA,1974,7056.70847496589
Canada,CA,1973,5858.33407318788
Canada,CA,1972,5106.73708049128
Canada,CA,1971,4535.39338907773
Canada,CA,1970,4135.82149842006
Canada,CA,1969,3776.15613110238
Canada,CA,1968,3473.23722551871
Canada,CA,1967,3226.38273682011
Canada,CA,1966,3055.28807884507
Canada,CA,1965,2777.18317301162
Canada,CA,1964,2561.63849088572
Canada,CA,1963,2380.31732899108
Sweden,SE,2022,55296.9371472535
Sweden,SE,2021,61174.9680215622
Sweden,SE,2020,52653.7565934247
Sweden,SE,2019,51773.0464558993
Sweden,SE,2018,54181.9069780904
Sweden,SE,2017,53300.8587281785
Sweden,SE,2016,51820.3972482676
Sweden,SE,2015,51197.9529341175
Sweden,SE,2014,59583.7140001673
Sweden,SE,2013,60844.2767113975
Sweden,SE,2012,57749.8251328664
Sweden,SE,2011,60379.7748160321
Sweden,SE,2010,52542.8274141037
Sweden,SE,2009,46707.8673215418
Sweden,SE,2008,55817.4392710726
Sweden,SE,2007,53568.5645523213
Sweden,SE,2006,46531.6001120572
Sweden,SE,2005,43378.6152117149
Sweden,SE,2004,42758.2015503417
Sweden,SE,2003,37292.4214343004
Sweden,SE,2002,29957.9387652616
Sweden,SE,2001,27259.4806735435
Sweden,SE,2000,29632.7736101599
Sweden,SE,1999,30969.1033509483
Sweden,SE,1998,30605.6227188103
Sweden,SE,1997,30324.4510931063
Sweden,SE,1996,33022.5649478838
Sweden,SE,1995,30254.2972932631
Sweden,SE,1994,26045.8148927701
Sweden,SE,1993,24390.1538004271
Sweden,SE,1992,32753.8047025569
Sweden,SE,1991,31777.0327994132
Sweden,SE,1990,30549.6692751763
Sweden,SE,1989,25625.3103686166
Sweden,SE,1988,24499.4053182958
Sweden,SE,1987,21761.2144545083
Sweden,SE,1986,17955.1571459902
Sweden,SE,1985,13647.2005587291
Sweden,SE,1984,13080.1803912865
Sweden,SE,1983,12590.0946134283
Sweden,SE,1982,13719.2113978268
Sweden,SE,1981,15564.0119622243
Sweden,SE,1980,17073.2406585323
Sweden,SE,1979,14855.7663048123
Sweden,SE,1978,12602.3664021925
Sweden,SE,1977,11432.15272476
Sweden,SE,1976,10852.6438272293
Sweden,SE,1975,10102.7548636011
Sweden,SE,1974,8078.27876796371
Sweden,SE,1973,7290.71401910023
Sweden,SE,1972,6018.45963232017
Sweden,SE,1971,5125.32917499696
Sweden,SE,1970,4729.40500975204
Sweden,SE,1969,4262.97496488087
Sweden,SE,1968,3953.12834043751
Sweden,SE,1967,3746.2478747264
Sweden,SE,1966,3477.93731316877
Sweden,SE,1965,3227.91678230659
Sweden,SE,1964,2961.06283239536
Sweden,SE,1963,2675.10362417593
Czechia,CZ,2022,28282.2236715857
Czechia,CZ,2021,27696.4619527544
Czechia,CZ,2020,23472.8915454417
Czechia,CZ,2019,24062.7190013343
Czechia,CZ,2018,23705.9329811299
Czechia,CZ,2017,20913.197632212
Czechia,CZ,2016,18753.9686718096
Czechia,CZ,2015,17931.5987670768
Czechia,CZ,2014,20038.4163180257
Czechia,CZ,2013,20260.4954999375
Czechia,CZ,2012,20014.0354015165
Czechia,CZ,2011,22049.1080788682
Czechia,CZ,2010,20160.4355077059
Czechia,CZ,2009,19817.4215836554
Czechia,CZ,2008,22774.7045076205
Czechia,CZ,2007,18452.6532812196
Czechia,CZ,2006,15259.0788162004
Czechia,CZ,2005,13442.4916284309
Czechia,CZ,2004,11782.5546676117
Czechia,CZ,2003,9852.45677945801
Czechia,CZ,2002,8101.26018588111
Czechia,CZ,2001,6669.07494847497
Czechia,CZ,2000,6062.92152842793
Czechia,CZ,1999,6377.6211077224
Czechia,CZ,1998,6526.59635780951
Czechia,CZ,1997,6069.38762357837
Czechia,CZ,1996,6573.19643136362
Czechia,CZ,1995,5865.29460556726
Czechia,CZ,1994,4663.28665345469
Czechia,CZ,1993,3984.1463439879
Czechia,CZ,1992,3396.70972430469
Czechia,CZ,1991,2917.08655474323
Czechia,CZ,1990,3969.36733543794
Austria,AT,2022,52176.6649141178
Austria,AT,2021,53648.7190742245
Austria,AT,2020,48716.4098900349
Austria,AT,2019,49885.9947355204
Austria,AT,2018,51194.0749841299
Austria,AT,2017,47163.7425775142
Austria,AT,2016,45061.4993920192
Austria,AT,2015,43915.228020857
Austria,AT,2014,51314.9722616322
Austria,AT,2013,50305.3545774973
Austria,AT,2012,48250.4059142637
Austria,AT,2011,51116.8953522042
Austria,AT,2010,46611.1393420232
Austria,AT,2009,47857.4446635266
Austria,AT,2008,51581.3982361071
Austria,AT,2007,46622.9622913635
Austria,AT,2006,40382.2078298575
Austria,AT,2005,38157.37022862
Austria,AT,2004,36614.2506533707
Austria,AT,2003,32110.1159661425
Austria,AT,2002,26334.862215032
Austria,AT,2001,24430.495982841
Austria,AT,2000,24487.2974685956
Austria,AT,1999,27078.7081612201
Austria,AT,1998,27212.4642905708
Austria,AT,1997,26571.7523626508
Austria,AT,1996,29645.9451251491
Austria,AT,1995,30207.0674314652
Austria,AT,1994,25546.2460525087
Austria,AT,1993,23987.2037240657
Austria,AT,1992,24782.7118767063
Austria,AT,1991,22323.1312492943
Austria,AT,1990,21596.068219998
Austria,AT,1989,17400.5226619741
Austria,AT,1988,17509.7658683817
Austria,AT,1987,16328.5613047296
Austria,AT,1986,13031.8281010744
Austria,AT,1985,9136.17092559695
Austria,AT,1984,8955.84829191534
Austria,AT,1983,9500.05070417494
Austria,AT,1982,9373.48820626125
Austria,AT,1981,9348.48832395232
Austria,AT,1980,10826.9718274995
Austria,AT,1979,9755.4044562579
Austria,AT,1978,8173.32926347245
Austria,AT,1977,6783.95142193665
Austria,AT,1976,5656.1451383787
Austria,AT,1975,5264.91772004051
Austria,AT,1974,4612.61920779656
Austria,AT,1973,3875.48305618551
Austria,AT,1972,2912.59577111524
Austria,AT,1971,2371.65247955003
Austria,AT,1970,2050.7051537705
Austria,AT,1969,1834.0780781796
Austria,AT,1968,1685.66211669148
Austria,AT,1967,1577.14147705169
Austria,AT,1966,1494.04911382106
Austria,AT,1965,1381.07725824421
Austria,AT,1964,1275.45715281679
Austria,AT,1963,1172.55744626178
Russian Federation,RU,2022,15445.2421875
Russian Federation,RU,2021,12521.5224609375
Russian Federation,RU,2020,10108.3271484375
Russian Federation,RU,2019,11447.701171875
Russian Federation,RU,2018,11211.8876953125
Russian Federation,RU,2017,10658.9130859375
Russian Federation,RU,2016,8663.158203125
Russian Federation,RU,2015,9277.7138671875
Russian Federation,RU,2014,14055.47265625
Russian Federation,RU,2013,15941.4482421875
Russian Federation,RU,2012,15401.8515625
Russian Federation,RU,2011,14305.33203125
Russian Federation,RU,2010,10674.990234375
Russian Federation,RU,2009,8562.82421875
Russian Federation,RU,2008,11635.2841796875
Russian Federation,RU,2007,9101.2392578125
Russian Federation,RU,2006,6920.19970703125
Russian Federation,RU,2005,5323.455078125
Russian Federation,RU,2004,4102.36474609375
Russian Federation,RU,2003,2975.123046875
Russian Federation,RU,2002,2377.52954101563
Russian Federation,RU,2001,2100.3525390625
Russian Federation,RU,2000,1771.59411621094
Russian Federation,RU,1999,1330.75720214844
Russian Federation,RU,1998,1834.86181640625
Russian Federation,RU,1997,2737.57202148438
Russian Federation,RU,1996,2643.92919921875
Russian Federation,RU,1995,2665.77978515625
Russian Federation,RU,1994,2662.10400390625
Russian Federation,RU,1993,2930.67016601563
Russian Federation,RU,1992,3098.802734375
Russian Federation,RU,1991,3490.45239257813
Russian Federation,RU,1990,3494.06323242188
Russian Federation,RU,1989,3429.64990234375
Russian Federation,RU,1988,3778.01977539063
Finland,FI,2022,50438.4753952355
Finland,FI,2021,53099.1351400148
Finland,FI,2020,48828.6846862799
Finland,FI,2019,48358.1807773701
Finland,FI,2018,49654.2497035329
Finland,FI,2017,46085.0174739036
Finland,FI,2016,43451.2562442158
Finland,FI,2015,42560.3456767103
Finland,FI,2014,50073.7760815871
Finland,FI,2013,49691.0145200739
Finland,FI,2012,47551.6740841369
Finland,FI,2011,51060.3242589767
Finland,FI,2010,46506.2919016566
Finland,FI,2009,47478.3495310999
Finland,FI,2008,53769.4726240385
Finland,FI,2007,48473.0240091455
Finland,FI,2006,41214.0187765069
Finland,FI,2005,39049.8703780223
Finland,FI,2004,37768.1334202029
Finland,FI,2003,32920.0857192568
Finland,FI,2002,26989.389260959
Finland,FI,2001,24965.202996776
Finland,FI,2000,24335.9225082659
Finland,FI,1999,26180.4128562349
Finland,FI,1998,25999.9861694953
Finland,FI,1997,24682.29083271
Finland,FI,1996,25756.6777073618
Finland,FI,1995,26246.2743214462
Finland,FI,1994,20278.29109854
Finland,FI,1993,17588.6781715509
Finland,FI,1992,22320.1124695857
Finland,FI,1991,25488.8450525604
Finland,FI,1990,28366.204276071
Finland,FI,1989,23969.052798644
Finland,FI,1988,22043.7701596288
Finland,FI,1987,18565.0264426011
Finland,FI,1986,14946.9926198261
Finland,FI,1985,11394.1921044246
Finland,FI,1984,10830.2185222663
Finland,FI,1983,10493.9626636806
Finland,FI,1982,10935.3110588486
Finland,FI,1981,10925.0957161181
Finland,FI,1980,11224.9380036353
Finland,FI,1979,9333.07695567452
Finland,FI,1978,7629.49572475149
Finland,FI,1977,7069.73565139858
Finland,FI,1976,6740.29145314637
Finland,FI,1975,6256.10245136117
Finland,FI,1974,5298.08008790754
Finland,FI,1973,4173.54485169644
Finland,FI,1972,3177.9287929756
Finland,FI,1971,2716.43223544591
Finland,FI,1970,2465.86455526041
Finland,FI,1969,2201.12415237742
Finland,FI,1968,1927.29380452918
Finland,FI,1967,2055.75306771186
Finland,FI,1966,2031.52331393903
Finland,FI,1965,1902.03847177709
Finland,FI,1964,1725.60483489826
Finland,FI,1963,1538.45703402737
Switzerland,CH,2022,93245.7952120851
Switzerland,CH,2021,93446.4344518943
Switzerland,CH,2020,85897.7843338323
Switzerland,CH,2019,84121.9310304414
Switzerland,CH,2018,85217.3691512274
Switzerland,CH,2017,82254.3769269767
Switzerland,CH,2016,82153.0745447889
Switzerland,CH,2015,83806.4476003837
Switzerland,CH,2014,88724.9909402638
Switzerland,CH,2013,87304.3305813557
Switzerland,CH,2012,85836.2076767359
Switzerland,CH,2011,90476.7589651577
Switzerland,CH,2010,76531.3729407691
Switzerland,CH,2009,71568.3123885672
Switzerland,CH,2008,74175.1927898555
Switzerland,CH,2007,64989.1553256031
Switzerland,CH,2006,59011.0324592016
Switzerland,CH,2005,56242.8933645639
Switzerland,CH,2004,54659.4571488233
Switzerland,CH,2003,49335.7456291067
Switzerland,CH,2002,42458.7384679187
Switzerland,CH,2001,39638.7911061864
Switzerland,CH,2000,38865.021939688
Switzerland,CH,1999,41695.6912912021
Switzerland,CH,1998,42680.5867322391
Switzerland,CH,1997,41584.441782159
Switzerland,CH,1996,48092.6433036512
Switzerland,CH,1995,50113.8321221345
Switzerland,CH,1994,43091.7770970073
Switzerland,CH,1993,39237.1186558781
Switzerland,CH,1992,40713.6881521435
Switzerland,CH,1991,39544.4946826768
Switzerland,CH,1990,39574.5398083788
Switzerland,CH,1989,31308.6508343136
Switzerland,CH,1988,32690.4302734561
Switzerland,CH,1987,30440.5108240499
Switzerland,CH,1986,24459.8536348433
Switzerland,CH,1985,17152.0948495991
Switzerland,CH,1984,16991.2458841517
Switzerland,CH,1983,17859.2323695837
Switzerland,CH,1982,17999.969257078
Switzerland,CH,1981,17665.0138979789
Switzerland,CH,1980,19393.8805480097
Switzerland,CH,1979,18265.5588649103
Switzerland,CH,1978,16282.1932458492
Switzerland,CH,1977,11643.6467397732
Switzerland,CH,1976,10864.971231108
Switzerland,CH,1975,10328.1089388433
Switzerland,CH,1974,9004.788599
Switzerland,CH,1973,7855.91887040854
Switzerland,CH,1972,5884.77524107186
Switzerland,CH,1971,4834.74049399485
Switzerland,CH,1970,4044.42068227245
Switzerland,CH,1969,3657.20794240553
Switzerland,CH,1968,3413.49358157003
Switzerland,CH,1967,3237.27315217356
Switzerland,CH,1966,3044.84560389449
Switzerland,CH,1965,2865.2448479366
Switzerland,CH,1964,2734.93009044177
Switzerland,CH,1963,2508.47430732203
Germany,DE,2022,49686.1154582583
Germany,DE,2021,52265.6541620571
Germany,DE,2020,47379.765194548
Germany,DE,2019,47623.8656074829
Germany,DE,2018,48874.8595028454
Germany,DE,2017,45526.5999576533
Germany,DE,2016,42961.0356905775
Germany,DE,2015,41911.0109851054
Germany,DE,2014,48971.0824722599
Germany,DE,2013,47220.0102098851
Germany,DE,2012,44735.5882319701
Germany,DE,2011,47646.582043143
Germany,DE,2010,42409.9356994694
Germany,DE,2009,42487.2137101496
Germany,DE,2008,46386.3295924799
Germany,DE,2007,42350.9217211489
Germany,DE,2006,36980.3349948954
Germany,DE,2005,35084.4363546269
Germany,DE,2004,34566.7359143735
Germany,DE,2003,30711.1022511331
Germany,DE,2002,25486.5942008748
Germany,DE,2001,23878.3641471651
Germany,DE,2000,23925.8559901991
Germany,DE,1999,26965.4922773722
Germany,DE,1998,27395.9440608051
Germany,DE,1997,27046.9565464237
Germany,DE,1996,30599.7891048363
Germany,DE,1995,31747.2449398447
Germany,DE,1994,27201.9593555204
Germany,DE,1993,25616.6508772405
Germany,DE,1992,26559.8543879632
Germany,DE,1991,23443.3350818536
Germany,DE,1990,22385.6778250275
Germany,DE,1989,17829.4609524705
Germany,DE,1988,17996.9783507619
Germany,DE,1987,16738.6132825523
Germany,DE,1986,13511.1520027486
Germany,DE,1985,9464.11694710857
Germany,DE,1984,9347.29068412377
Germany,DE,1983,9900.48559233526
Germany,DE,1982,9950.05926025365
Germany,DE,1981,10246.4767623188
Germany,DE,1980,12182.7800196802
Germany,DE,1979,11322.3543443813
Germany,DE,1978,9516.78283228907
Germany,DE,1977,7711.10232025365
Germany,DE,1976,6659.16546576017
Germany,DE,1975,6259.20744498342
Germany,DE,1974,5659.73787773336
Germany,DE,1973,5065.24523302283
Germany,DE,1972,3823.94032602696
Germany,DE,1971,3203.82884836051
Germany,DE,1970,2771.28310514754
Germany,DE,1969,2281.27598218229
Germany,DE,1968,2025.08159465853
Germany,DE,1967,1885.61596607874
Germany,DE,1966,1870.80540291774
Germany,DE,1965,1774.1986904555
Germany,DE,1964,1637.45522773672
Germany,DE,1963,1502.15452905146
Latvia,LV,2022,20229.4613617326
Latvia,LV,2021,20262.8433862451
Latvia,LV,2020,17564.2321549354
Latvia,LV,2019,17294.9751600969
Latvia,LV,2018,17252.1710428626
Latvia,LV,2017,15132.4958333982
Latvia,LV,2016,13838.5266823272
Latvia,LV,2015,13321.9753140616
Latvia,LV,2014,15185.814581236
Latvia,LV,2013,14484.4715282132
Latvia,LV,2012,13329.3499931271
Latvia,LV,2011,12902.574053337
Latvia,LV,2010,11188.4191700977
Latvia,LV,2009,11996.0322729773
Latvia,LV,2008,15677.6080864506
Latvia,LV,2007,13370.9789452508
Latvia,LV,2006,9211.7374468148
Latvia,LV,2005,7283.78738127622
Latvia,LV,2004,6109.73265186817
Latvia,LV,2003,4914.57992829302
Latvia,LV,2002,4003.60935783538
Latvia,LV,2001,3504.61829462397
Latvia,LV,2000,3278.17896440803
Latvia,LV,1999,3063.89794599707
Latvia,LV,1998,2893.79998716563
Latvia,LV,1997,2609.89308697195
Latvia,LV,1996,2360.1714816213
Latvia,LV,1995,2256.77360387054
Poland,PL,2022,18891.2121169279
Poland,PL,2021,18635.5104895754
Poland,PL,2020,15987.5753654045
Poland,PL,2019,15874.5220531254
Poland,PL,2018,15658.2120316794
Poland,PL,2017,13913.3402919927
Poland,PL,2016,12464.0110508476
Poland,PL,2015,12637.5220324406
Poland,PL,2014,14262.2841914116
Poland,PL,2013,13621.9023794031
Poland,PL,2012,13087.420943321
Poland,PL,2011,13867.6669408192
Poland,PL,2010,12567.7317676382
Poland,PL,2009,11556.3026866026
Poland,PL,2008,14048.5604672654
Poland,PL,2007,11272.5293683383
Poland,PL,2006,9068.85528307627
Poland,PL,2005,8043.92332253757
Poland,PL,2004,6711.72715262967
Poland,PL,2003,5720.81366178104
Poland,PL,2002,5223.45178967082
Poland,PL,2001,5015.23790036613
Poland,PL,2000,4520.64100449111
Poland,PL,1999,4415.50067547826
Poland,PL,1998,4533.5356551781
Poland,PL,1997,4137.00831823145
Poland,PL,1996,4163.51195431959
Poland,PL,1995,3700.95956775144
Poland,PL,1994,2874.83163555069
Poland,PL,1993,2497.13055936127
Poland,PL,1992,2459.02068468253
Poland,PL,1991,2235.54108862522
Poland,PL,1990,1731.2095094382
Belarus,BY,2022,7994.64806074889
Belarus,BY,2021,7489.71894713888
Belarus,BY,2020,6542.8645398436
Belarus,BY,2019,6837.76832136779
Belarus,BY,2018,6360.05310087258
Belarus,BY,2017,5785.53397723676
Belarus,BY,2016,5039.77560949445
Belarus,BY,2015,5967.06856034227
Belarus,BY,2014,8341.29014337961
Belarus,BY,2013,7998.0802045456
Belarus,BY,2012,6953.21591683101
Belarus,BY,2011,6527.6593428786
Belarus,BY,2010,6034.67885177216
Belarus,BY,2009,5352.48809190697
Belarus,BY,2008,6376.17569162063
Belarus,BY,2007,4735.48107556066
Belarus,BY,2006,3848.22350300163
Belarus,BY,2005,3126.07176665248
Belarus,BY,2004,2378.33700470129
Belarus,BY,2003,1819.52653114699
Belarus,BY,2002,1479.38066337175
Belarus,BY,2001,1244.37318523431
Belarus,BY,2000,1276.28038121269
Belarus,BY,1999,1210.5874393672
Belarus,BY,1998,1511.25979105507
Belarus,BY,1997,1396.6571872706
Belarus,BY,1996,1452.5071047646
Belarus,BY,1995,1370.69991385664
Belarus,BY,1994,1460.00791360458
Belarus,BY,1993,1589.51011343649
Belarus,BY,1992,1658.08641281239
Belarus,BY,1991,1805.45592531527
Belarus,BY,1990,1706.64091882343
United Kingdom,GB,2022,45935.9276473925
United Kingdom,GB,2021,46896.8662432834
United Kingdom,GB,2020,40201.6812422928
United Kingdom,GB,2019,42662.5353740311
United Kingdom,GB,2018,43203.8141057739
United Kingdom,GB,2017,40572.1214823783
United Kingdom,GB,2016,40985.2351382417
United Kingdom,GB,2015,44964.3911437292
United Kingdom,GB,2014,47439.6165895125
United Kingdom,GB,2013,43426.2981405143
United Kingdom,GB,2012,42497.3404974322
United Kingdom,GB,2011,42109.6418795749
United Kingdom,GB,2010,39598.957119545
United Kingdom,GB,2009,38744.131693043
United Kingdom,GB,2008,47396.1202078484
United Kingdom,GB,2007,50397.6854954706
United Kingdom,GB,2006,44512.4590296865
United Kingdom,GB,2005,42104.7884375024
United Kingdom,GB,2004,40366.8886650968
United Kingdom,GB,2003,34442.6875402308
United Kingdom,GB,2002,30077.741432188
United Kingdom,GB,2001,27906.5695029641
United Kingdom,GB,2000,28280.926786099
United Kingdom,GB,1999,28762.0913570256
United Kingdom,GB,1998,28274.5045119699
United Kingdom,GB,1997,26766.0056249684
United Kingdom,GB,1996,24406.400298359
United Kingdom,GB,1995,23168.9529580171
United Kingdom,GB,1994,19709.2380983653
United Kingdom,GB,1993,18389.0195675099
United Kingdom,GB,1992,20487.1707852878
United Kingdom,GB,1991,19900.7266505069
United Kingdom,GB,1990,19095.4669984608
United Kingdom,GB,1989,16239.2821960944
United Kingdom,GB,1988,15987.1680775688
United Kingdom,GB,1987,13118.586534629
United Kingdom,GB,1986,10611.112210096
United Kingdom,GB,1985,8652.21654247593
United Kingdom,GB,1984,8179.19444064991
United Kingdom,GB,1983,8691.51881306514
United Kingdom,GB,1982,9146.07735701852
United Kingdom,GB,1981,9599.30622221965
United Kingdom,GB,1980,10032.062080015
United Kingdom,GB,1979,7804.76208051155
United Kingdom,GB,1978,5976.93816899991
United Kingdom,GB,1977,4681.43993173038
United Kingdom,GB,1976,4138.16778761535
United Kingdom,GB,1975,4299.74561799284
United Kingdom,GB,1974,3665.8627976419
United Kingdom,GB,1973,3426.27622050378
United Kingdom,GB,1972,3030.43251411977
United Kingdom,GB,1971,2649.80151387223
United Kingdom,GB,1970,2347.54431773747
United Kingdom,GB,1969,2100.66786858672
United Kingdom,GB,1968,1951.75859587532
United Kingdom,GB,1967,2058.78188198056
United Kingdom,GB,1966,1986.74715869685
United Kingdom,GB,1965,1873.56777435421
United Kingdom,GB,1964,1748.2881176141
United Kingdom,GB,1963,1613.45688373392
Kazakhstan,KZ,2022,11255.3396437881
Kazakhstan,KZ,2021,9983.60103576902
Kazakhstan,KZ,2020,8781.50797787648
Kazakhstan,KZ,2019,9457.12614657136
Kazakhstan,KZ,2018,9472.48527327758
Kazakhstan,KZ,2017,8943.08416791984
Kazakhstan,KZ,2016,7475.56688689424
Kazakhstan,KZ,2015,10196.1226255982
Kazakhstan,KZ,2014,12427.7094576939
Kazakhstan,KZ,2013,13478.459627612
Kazakhstan,KZ,2012,12018.7966527993
Kazakhstan,KZ,2011,11287.1464926039
Kazakhstan,KZ,2010,8793.07589980782
Kazakhstan,KZ,2009,6938.01175663001
Kazakhstan,KZ,2008,8123.54705891736
Kazakhstan,KZ,2007,6449.43931096532
Kazakhstan,KZ,2006,5030.13494711519
Kazakhstan,KZ,2005,3577.35804001782
Kazakhstan,KZ,2004,2722.47407755402
Kazakhstan,KZ,2003,1958.02050246511
Kazakhstan,KZ,2002,1573.55219932325
Kazakhstan,KZ,2001,1422.27331810957
Kazakhstan,KZ,2000,1180.0444563226
Kazakhstan,KZ,1999,1091.54727722159
Kazakhstan,KZ,1998,1414.59289652597
Kazakhstan,KZ,1997,1381.63593295187
Kazakhstan,KZ,1996,1281.39152895397
Kazakhstan,KZ,1995,1217.79138769863
Kazakhstan,KZ,1994,1246.83633018218
Kazakhstan,KZ,1993,1355.13493859139
Kazakhstan,KZ,1992,1437.59848100913
Kazakhstan,KZ,1991,1442.42455540825
Kazakhstan,KZ,1990,1570.00883112591
Norway,NO,2022,108798.451165901
Norway,NO,2021,93072.8925119571
Norway,NO,2020,68340.0181033702
Norway,NO,2019,76430.5889473338
Norway,NO,2018,82792.8427113304
Norway,NO,2017,76131.8384032764
Norway,NO,2016,70867.3609970749
Norway,NO,2015,74809.9658049898
Norway,NO,2014,97666.6951838749
Norway,NO,2013,103553.840134417
Norway,NO,2012,102175.919298374
Norway,NO,2011,101221.813476644
Norway,NO,2010,88163.2085931423
Norway,NO,2009,80347.5700665184
Norway,NO,2008,97503.5407803783
Norway,NO,2007,85502.2677087731
Norway,NO,2006,74434.4996835671
Norway,NO,2005,67047.1704558264
Norway,NO,2004,57768.6980958462
Norway,NO,2003,50250.3298214345
Norway,NO,2002,43170.557174499
Norway,NO,2001,38601.897639231
Norway,NO,2000,38178.2368777076
Norway,NO,1999,36393.2927471088
Norway,NO,1998,34803.4634058738
Norway,NO,1997,36629.0309036621
Norway,NO,1996,37321.9741993473
Norway,NO,1995,34875.7043347536
Norway,NO,1994,29315.8092337732
Norway,NO,1993,27963.6979095744
Norway,NO,1992,30523.9850558974
Norway,NO,1991,28596.9330036444
Norway,NO,1990,28242.981402822
Norway,NO,1989,24281.1304051396
Norway,NO,1988,24207.281468963
Norway,NO,1987,22505.8622623684
Norway,NO,1986,18883.2333523873
Norway,NO,1985,15753.5527652129
Norway,NO,1984,14989.4857665906
Norway,NO,1983,14927.5174766339
Norway,NO,1982,15224.8939100982
Norway,NO,1981,15512.5067043575
Norway,NO,1980,15772.2409073814
Norway,NO,1979,13046.5372210653
Norway,NO,1978,11462.5945916053
Norway,NO,1977,10266.1206718698
Norway,NO,1976,8927.20162734477
Norway,NO,1975,8204.45151152979
Norway,NO,1974,6811.52733653232
Norway,NO,1973,5689.5888066967
Norway,NO,1972,4413.57569168528
Norway,NO,1971,3736.34873749991
Norway,NO,1970,3306.21947607769
Norway,NO,1969,2894.23998236681
Norway,NO,1968,2679.71300438189
Norway,NO,1967,2530.66057799458
Norway,NO,1966,2332.51059866098
Norway,NO,1965,2178.77508111808
Norway,NO,1964,1950.69324222931
Norway,NO,1963,1787.31853394909
Ukraine,UA,2022,4199.6708984375
Ukraine,UA,2021,4775.94580078125
Ukraine,UA,2020,3709.76928710938
Ukraine,UA,2019,3619.86157226563
Ukraine,UA,2018,3059.0517578125
Ukraine,UA,2017,2604.28759765625
Ukraine,UA,2016,2158.46118164063
Ukraine,UA,2015,2094.47387695313
Ukraine,UA,2014,3054.908203125
Ukraine,UA,2013,4129.89697265625
Ukraine,UA,2012,3951.34228515625
Ukraine,UA,2011,3656.69799804688
Ukraine,UA,2010,3039.63232421875
Ukraine,UA,2009,2607.08764648438
Ukraine,UA,2008,4017.806640625
Ukraine,UA,2007,3160.32763671875
Ukraine,UA,2006,2366.494140625
Ukraine,UA,2005,1875.33508300781
Ukraine,UA,2004,1401.01806640625
Ukraine,UA,2003,1076.48156738281
Ukraine,UA,2002,903.011901855469
Ukraine,UA,2001,800.49072265625
Ukraine,UA,2000,653.294311523438
Ukraine,UA,1999,631.910461425781
Ukraine,UA,1998,831.336791992188
Ukraine,UA,1997,987.489807128906
Ukraine,UA,1996,869.846069335938
Ukraine,UA,1995,933.191772460938
Ukraine,UA,1994,1009.09356689453
Ukraine,UA,1993,1254.02868652344
Ukraine,UA,1992,1413.24011230469
Ukraine,UA,1991,1482.6396484375
Ukraine,UA,1990,1563.63415527344
Ukraine,UA,1989,1593.07861328125
Ukraine,UA,1988,1444.248046875
Ukraine,UA,1987,1244.04125976563
Uzbekistan,UZ,2022,2578.66689394219
Uzbekistan,UZ,2021,2258.51964119278
Uzbekistan,UZ,2020,1978.28051860763
Uzbekistan,UZ,2019,2041.38480729431
Uzbekistan,UZ,2018,1813.08530813664
Uzbekistan,UZ,2017,2190.60411562888
Uzbekistan,UZ,2016,2753.37951427589
Uzbekistan,UZ,2015,2803.19018021751
Uzbekistan,UZ,2014,2674.9628382103
Uzbekistan,UZ,2013,2461.97947403595
Uzbekistan,UZ,2012,2307.34649117185
Uzbekistan,UZ,2011,2087.86386135694
Uzbekistan,UZ,2010,1753.20730243278
Uzbekistan,UZ,2009,1205.7993547038
Uzbekistan,UZ,2008,1074.72928796701
Uzbekistan,UZ,2007,824.028192334768
Uzbekistan,UZ,2006,649.118167003925
Uzbekistan,UZ,2005,542.835808692209
Uzbekistan,UZ,2004,462.171492867885
Uzbekistan,UZ,2003,394.164028897235
Uzbekistan,UZ,2002,381.409296889283
Uzbekistan,UZ,2001,454.415812256778
Uzbekistan,UZ,2000,555.149231099186
Uzbekistan,UZ,1999,697.763539790812
Uzbekistan,UZ,1998,621.048904301242
Uzbekistan,UZ,1997,620.59129581366
Uzbekistan,UZ,1996,597.33228695111
Uzbekistan,UZ,1995,582.54213674034
Uzbekistan,UZ,1994,574.229079896619
Uzbekistan,UZ,1993,595.777481238105
Uzbekistan,UZ,1992,602.920525827048
Uzbekistan,UZ,1991,658.313550528068
Uzbekistan,UZ,1990,652.9376529256
Uzbekistan,UZ,1989,598.123131680436
Uzbekistan,UZ,1988,550.999615085024
Uzbekistan,UZ,1987,450.244536476152
Denmark,DK,2022,68091.3191138669
Denmark,DK,2021,69727.9873677012
Denmark,DK,2020,60985.4885601514
Denmark,DK,2019,59404.2663247723
Denmark,DK,2018,61324.7665045565
Denmark,DK,2017,57521.5514992225
Denmark,DK,2016,54500.9260410217
Denmark,DK,2015,53094.0133607574
Denmark,DK,2014,62520.4509747011
Denmark,DK,2013,61377.5940590412
Denmark,DK,2012,58443.7747103968
Denmark,DK,2011,61809.737898222
Denmark,DK,2010,58104.5445594981
Denmark,DK,2009,58412.7472358513
Denmark,DK,2008,64616.6657583663
Denmark,DK,2007,58631.6566433635
Denmark,DK,2006,52119.1787984282
Denmark,DK,2005,48925.8076698784
Denmark,DK,2004,46625.050098011
Denmark,DK,2003,40519.0974905924
Denmark,DK,2002,33257.1622586509
Denmark,DK,2001,30768.4775471112
Denmark,DK,2000,30722.0251837567
Denmark,DK,1999,33426.2381077405
Denmark,DK,1998,33346.4884298957
Denmark,DK,1997,32779.879045297
Denmark,DK,1996,35621.9878051732
Denmark,DK,1995,35321.0980773087
Denmark,DK,1994,29967.8303903163
Denmark,DK,1993,27581.7241097459
Denmark,DK,1992,29579.4913648682
Denmark,DK,1991,27002.8057705804
Denmark,DK,1990,26885.6994188191
Denmark,DK,1989,21882.1517463842
Denmark,DK,1988,22524.5792595476
Denmark,DK,1987,21295.6768566078
Denmark,DK,1986,17136.6297376226
Denmark,DK,1985,12212.7873997293
Denmark,DK,1984,11516.6821578436
Denmark,DK,1983,11796.5691955784
Denmark,DK,1982,11740.2199128271
Denmark,DK,1981,12000.2103769191
Denmark,DK,1980,13822.1578405912
Denmark,DK,1979,13757.2343740839
Denmark,DK,1978,11817.6250875179
Denmark,DK,1977,9769.57864283968
Denmark,DK,1976,8773.3396162771
Denmark,DK,1975,7988.15613263518
Denmark,DK,1974,6763.86592918646
Denmark,DK,1973,6116.89199229142
Denmark,DK,1972,4653.95587889115
Denmark,DK,1971,3845.59906810072
Denmark,DK,1970,3464.45518278408
Denmark,DK,1969,3151.13324311543
Denmark,DK,1968,2776.13544525805
Denmark,DK,1967,2700.74637883336
Denmark,DK,1966,2487.13627144432
Denmark,DK,1965,2284.22850484956
Denmark,DK,1964,2049.39724281483
Denmark,DK,1963,1807.25279179793
Australia,AU,2022,64997.0136536475
Australia,AU,2021,60607.7788605166
Australia,AU,2020,51791.540179984
Australia,AU,2019,54972.7017885437
Australia,AU,2018,57196.4220783778
Australia,AU,2017,53901.7145392154
Australia,AU,2016,49888.0410842736
Australia,AU,2015,56739.0265346593
Australia,AU,2014,62544.0873773726
Australia,AU,2013,68190.7010035651
Australia,AU,2012,68072.8732340801
Australia,AU,2011,62605.600458306
Australia,AU,2010,52144.6654705468
Australia,AU,2009,42816.5674002829
Australia,AU,2008,49701.2817843335
Australia,AU,2007,41051.6120652288
Australia,AU,2006,36595.7071548423
Australia,AU,2005,34479.7679298388
Australia,AU,2004,30836.7306824685
Australia,AU,2003,23718.1338501868
Australia,AU,2002,20301.8431713256
Australia,AU,2001,19695.7297379144
Australia,AU,2000,21870.4159669594
Australia,AU,1999,20712.6697805564
Australia,AU,1998,21479.1142020092
Australia,AU,1997,23646.6230457327
Australia,AU,1996,22021.7839065228
Australia,AU,1995,20448.1219685874
Australia,AU,1994,18129.6353064456
Australia,AU,1993,17699.8764915704
Australia,AU,1992,18624.1877335866
Australia,AU,1991,18859.9074576986
Australia,AU,1990,18249.3014538169
Australia,AU,1989,17834.4526910252
Australia,AU,1988,14284.960791833
Australia,AU,1987,11651.3301169821
Australia,AU,1986,11392.0043948477
Australia,AU,1985,11441.5819707185
Australia,AU,1984,12421.8807735017
Australia,AU,1983,11515.7445121041
Australia,AU,1982,12779.1459164023
Australia,AU,1981,11853.6694186454
Australia,AU,1980,10208.8036844943
Australia,AU,1979,9294.51578251874
Australia,AU,1978,8252.73445733837
Australia,AU,1977,7775.65846867125
Australia,AU,1976,7486.6826042084
Australia,AU,1975,7003.84247098582
Australia,AU,1974,6482.93848103472
Australia,AU,1973,4770.81017208508
Australia,AU,1972,3949.46164337606
Australia,AU,1971,3495.2282008845
Australia,AU,1970,3304.92736975744
Australia,AU,1969,2991.47727876684
Australia,AU,1968,2724.1306715175
Australia,AU,1967,2580.11059164641
Australia,AU,1966,2343.9159187567
Australia,AU,1965,2281.11030526567
Australia,AU,1964,2131.38029982805
Australia,AU,1963,1967.21127365791
Thailand,TH,2022,6909.35997481451
Thailand,TH,2021,7058.0694998852
Thailand,TH,2020,6985.64393892574
Thailand,TH,2019,7605.69657797759
Thailand,TH,2018,7099.77650081458
Thailand,TH,2017,6413.09182530343
Thailand,TH,2016,5833.57715617098
Thailand,TH,2015,5688.85335397884
Thailand,TH,2014,5801.1978916205
Thailand,TH,2013,6018.08244729255
Thailand,TH,2012,5725.52802835463
Thailand,TH,2011,5373.6232832898
Thailand,TH,2010,4973.86288823778
Thailand,TH,2009,4135.43986952819
Thailand,TH,2008,4309.13509292986
Thailand,TH,2007,3918.52817434581
Thailand,TH,2006,3331.32043511773
Thailand,TH,2005,2867.70383436062
Thailand,TH,2004,2641.56268717857
Thailand,TH,2003,2347.54001286066
Thailand,TH,2002,2089.75183111554
Thailand,TH,2001,1889.93432467144
Thailand,TH,2000,2005.97694514234
Thailand,TH,1999,2033.24490520569
Thailand,TH,1998,1847.70379269771
Thailand,TH,1997,2473.14096982086
Thailand,TH,1996,3054.65690806473
Thailand,TH,1995,2864.36515719866
Thailand,TH,1994,2517.70732641683
Thailand,TH,1993,2245.13688708983
Thailand,TH,1992,1971.60879910694
Thailand,TH,1991,1765.62267359529
Thailand,TH,1990,1559.11209344755
Thailand,TH,1989,1341.72978395303
Thailand,TH,1988,1164.20096229495
Thailand,TH,1987,970.452522513385
Thailand,TH,1986,842.098436226451
Thailand,TH,1985,773.823923674613
Thailand,TH,1984,846.934168430884
Thailand,TH,1983,826.932302137698
Thailand,TH,1982,770.398953205891
Thailand,TH,1981,748.156726132308
Thailand,TH,1980,708.729450091584
Thailand,TH,1979,612.08876018577
Thailand,TH,1978,548.233113208345
Thailand,TH,1977,461.659141640678
Thailand,TH,1976,405.408734060752
Thailand,TH,1975,363.526350179478
Thailand,TH,1974,342.978897633446
Thailand,TH,1973,278.285062967675
Thailand,TH,1972,215.582022917854
Thailand,TH,1971,199.662201986255
Thailand,TH,1970,197.097903475424
Thailand,TH,1969,191.438734515692
Thailand,TH,1968,178.839752885801
Thailand,TH,1967,170.666971518706
Thailand,TH,1966,164.533414431069
Thailand,TH,1965,140.899873696781
Thailand,TH,1964,128.642226903734
Thailand,TH,1963,120.658598748696
Jamaica,JM,2022,6022.15341099999
Jamaica,JM,2021,5165.33780988607
Jamaica,JM,2020,4879.44024631319
Jamaica,JM,2019,5607.24300668501
Jamaica,JM,2018,5578.10346083169
Jamaica,JM,2017,5259.31334136812
Jamaica,JM,2016,5009.79450059092
Jamaica,JM,2015,5062.89556466908
Jamaica,JM,2014,4975.11326954633
Jamaica,JM,2013,5124.21301411137
Jamaica,JM,2012,5340.83333232158
Jamaica,JM,2011,5232.63644918132
Jamaica,JM,2010,4809.977380312
Jamaica,JM,2009,4428.38153333557
Jamaica,JM,2008,5029.80095281745
Jamaica,JM,2007,4716.48612542727
Jamaica,JM,2006,4417.00127135363
Jamaica,JM,2005,4184.43974867497
Jamaica,JM,2004,3807.56293124552
Jamaica,JM,2003,3549.70758394618
Jamaica,JM,2002,3680.64551727724
Jamaica,JM,2001,3503.55026688858
Jamaica,JM,2000,3453.09252800226
Jamaica,JM,1999,3431.56813468335
Jamaica,JM,1998,3419.49352868739
Jamaica,JM,1997,3296.91634805083
Jamaica,JM,1996,2928.89692611996
Jamaica,JM,1995,2630.84935382822
Jamaica,JM,1994,2202.85831038471
Jamaica,JM,1993,2220.51518327186
Jamaica,JM,1992,1458.10146892635
Jamaica,JM,1991,1710.30058243722
Jamaica,JM,1990,1929.59891905857
Jamaica,JM,1989,1864.98497550062
Jamaica,JM,1988,1632.01481656159
Jamaica,JM,1987,1410.84598702428
Jamaica,JM,1986,1191.34976782142
Jamaica,JM,1985,916.872292838674
Jamaica,JM,1984,1048.13405395534
Jamaica,JM,1983,1619.4784563122
Jamaica,JM,1982,1494.40208283218
Jamaica,JM,1981,1370.41277901541
Jamaica,JM,1980,1248.74484727418
Jamaica,JM,1979,1144.17562986584
Jamaica,JM,1978,1262.40327239465
Jamaica,JM,1977,1569.42127051131
Jamaica,JM,1976,1449.977882067
Jamaica,JM,1975,1416.77546764568
Jamaica,JM,1974,1192.98569350958
Jamaica,JM,1973,971.802513228502
Jamaica,JM,1972,970.802906405502
Jamaica,JM,1971,808.866506083755
Jamaica,JM,1970,747.909399172491
Jamaica,JM,1969,642.133421058915
Jamaica,JM,1968,591.045817173244
Jamaica,JM,1967,633.259680574944
Jamaica,JM,1966,612.210363692586
Jamaica,JM,1965,549.493560414107
Jamaica,JM,1964,514.416511313452
Jamaica,JM,1963,480.336499711715
France,FR,2022,41082.8119320747
France,FR,2021,43725.0999521245
France,FR,2020,39169.8606000707
France,FR,2019,40408.2848574751
France,FR,2018,41418.1766484844
France,FR,2017,38687.1626407164
France,FR,2016,37024.2157133669
France,FR,2015,36702.4323733379
France,FR,2014,43148.0459288416
France,FR,2013,42669.1795111893
France,FR,2012,40863.5814412333
France,FR,2011,43929.7840873812
France,FR,2010,40694.8211697025
France,FR,2009,41728.0884164132
France,FR,2008,45464.8181385158
France,FR,2007,41486.1907828787
France,FR,2006,36431.5658906555
France,FR,2005,34696.3718316971
France,FR,2004,33644.9282220364
France,FR,2003,29479.5222101175
France,FR,2002,24144.5727019529
France,FR,2001,22331.7948343036
France,FR,2000,22340.5939516217
France,FR,1999,24576.3152254528
France,FR,1998,24869.4030795939
France,FR,1997,24169.4008102822
France,FR,1996,26757.6351494145
France,FR,1995,26791.8151982369
France,FR,1994,23359.8985104774
France,FR,1993,22238.8250618434
France,FR,1992,23615.0168565483
France,FR,1991,21500.7778366233
France,FR,1990,21586.4674617483
France,FR,1989,17547.2645422514
France,FR,1988,17549.6440487161
France,FR,1987,16175.7090467566
France,FR,1986,13430.4824599685
France,FR,1985,9657.01938533723
France,FR,1984,9311.89426452129
France,FR,1983,9862.28449386586
France,FR,1982,10359.8920663549
France,FR,1981,10955.9002996167
France,FR,1980,12565.1639377144
France,FR,1979,11062.5731730373
France,FR,1978,9166.59011961391
France,FR,1977,7464.90784463001
France,FR,1976,6794.61739337861
France,FR,1975,6606.70146747184
France,FR,1974,5267.35330005137
France,FR,1973,4913.52707779625
France,FR,1972,3806.8878889279
France,FR,1971,3128.38612116665
France,FR,1970,2825.12972273207
France,FR,1969,2723.56730541047
France,FR,1968,2512.62017415254
France,FR,1967,2321.46918431738
France,FR,1966,2165.07279456053
France,FR,1965,2015.37980964483
France,FR,1964,1884.13791381574
France,FR,1963,1717.70379067821
Slovenia,SI,2022,28373.8382265999
Slovenia,SI,2021,29187.369382785
Slovenia,SI,2020,25392.0651093612
Slovenia,SI,2019,25814.1687167572
Slovenia,SI,2018,25888.0481065655
Slovenia,SI,2017,23303.077705959
Slovenia,SI,2016,21447.8377796036
Slovenia,SI,2015,20697.2748530619
Slovenia,SI,2014,24013.0682060959
Slovenia,SI,2013,23236.9655321695
Slovenia,SI,2012,22442.1417859955
Slovenia,SI,2011,24940.6284841605
Slovenia,SI,2010,23329.8417691156
Slovenia,SI,2009,24501.7897290425
Slovenia,SI,2008,27461.9764165315
Slovenia,SI,2007,23725.1596001515
Slovenia,SI,2006,19563.005059144
Slovenia,SI,2005,17969.7095907161
Slovenia,SI,2004,17103.8297783905
Slovenia,SI,2003,14711.674874253
Slovenia,SI,2002,11639.1297780477
Slovenia,SI,2001,10375.6255869861
Slovenia,SI,2000,10135.7219109212
Slovenia,SI,1999,11401.4906790909
Slovenia,SI,1998,11131.5666628231
Slovenia,SI,1997,10436.7260661871
Slovenia,SI,1996,10796.7399446283
Slovenia,SI,1995,10738.0887611468
Slovenia,SI,1994,8243.89895545106
Slovenia,SI,1993,7254.58887417768
Slovenia,SI,1992,7151.15243829224
Slovenia,SI,1991,7229.31149788617
Slovenia,SI,1990,9925.14071044684
Belgium,BE,2022,50807.2047084918
Belgium,BE,2021,51655.7883303715
Belgium,BE,2020,45906.2875805246
Belgium,BE,2019,46716.6227467964
Belgium,BE,2018,47487.2100392561
Belgium,BE,2017,44035.3239358548
Belgium,BE,2016,41854.5498296444
Belgium,BE,2015,40893.804537772
Belgium,BE,2014,47995.7786961339
Belgium,BE,2013,46964.5946777056
Belgium,BE,2012,44874.1709182123
Belgium,BE,2011,47760.8298776546
Belgium,BE,2010,44197.393671162
Belgium,BE,2009,44923.3400135081
Belgium,BE,2008,48303.397956286
Belgium,BE,2007,44319.165448813
Belgium,BE,2006,38705.1067959147
Belgium,BE,2005,36809.7013403619
Belgium,BE,2004,35429.4077933344
Belgium,BE,2003,30655.2092679024
Belgium,BE,2002,25006.191397109
Belgium,BE,2001,23015.0712632462
Belgium,BE,2000,23098.8865077401
Belgium,BE,1999,25252.8019066564
Belgium,BE,1998,25338.4432934904
Belgium,BE,1997,24820.9380503896
Belgium,BE,1996,27489.5551770488
Belgium,BE,1995,28413.8264387368
Belgium,BE,1994,24208.5547931447
Belgium,BE,1993,22283.9360213551
Belgium,BE,1992,23372.619171015
Belgium,BE,1991,21041.6606519648
Belgium,BE,1990,20600.3752789827
Belgium,BE,1989,16525.0617432848
Belgium,BE,1988,16391.093827791
Belgium,BE,1987,15135.8523116968
Belgium,BE,1986,12170.0406962702
Belgium,BE,1985,8750.81851250536
Belgium,BE,1984,8457.26880316374
Belgium,BE,1983,8846.23429846974
Belgium,BE,1982,9343.86109959618
Belgium,BE,1981,10622.8024830789
Belgium,BE,1980,12864.0025661396
Belgium,BE,1979,11810.6158754725
Belgium,BE,1978,10289.7684173296
Belgium,BE,1977,8426.94695947372
Belgium,BE,1976,7243.04734119583
Belgium,BE,1975,6701.37736052433
Belgium,BE,1974,5733.79813933878
Belgium,BE,1973,4900.96220075866
Belgium,BE,1972,3831.63189999433
Belgium,BE,1971,3082.92798879126
Belgium,BE,1970,2765.89099664794
Belgium,BE,1969,2490.1071730838
Belgium,BE,1968,2251.31575906782
Belgium,BE,1967,2113.82194132888
Belgium,BE,1966,1983.13119821777
Belgium,BE,1965,1859.50998671639
Belgium,BE,1964,1724.01894179056
Belgium,BE,1963,1555.02293182578
Netherlands,NL,2022,59123.318556487
Netherlands,NL,2021,60141.9880911492
Netherlands,NL,2020,53467.9277413737
Netherlands,NL,2019,53554.9007491475
Netherlands,NL,2018,53955.0770024266
Netherlands,NL,2017,49513.6817346384
Netherlands,NL,2016,46808.5291492503
Netherlands,NL,2015,45793.8135434697
Netherlands,NL,2014,53457.2234864322
Netherlands,NL,2013,52602.2860520766
Netherlands,NL,2012,50473.9442002689
Netherlands,NL,2011,54701.7728030611
Netherlands,NL,2010,51305.7338533973
Netherlands,NL,2009,53172.0261581418
Netherlands,NL,2008,58246.7026905874
Netherlands,NL,2007,52100.7996285947
Netherlands,NL,2006,45123.5432406426
Netherlands,NL,2005,42165.396168388
Netherlands,NL,2004,40611.3414353091
Netherlands,NL,2003,35896.7504630706
Netherlands,NL,2002,29446.5330872868
Netherlands,NL,2001,26955.7128032278
Netherlands,NL,2000,26225.1697734149
Netherlands,NL,1999,28318.7466538357
Netherlands,NL,1998,27924.281808994
Netherlands,NL,1997,26744.9601318097
Netherlands,NL,1996,29063.6236532536
Netherlands,NL,1995,29301.1940492376
Netherlands,NL,1994,24682.5866742863
Netherlands,NL,1993,23156.4404444568
Netherlands,NL,1992,23939.2173482108
Netherlands,NL,1991,21764.2144987258
Netherlands,NL,1990,21322.1944802703
Netherlands,NL,1989,17423.2961585523
Netherlands,NL,1988,17770.6162376388
Netherlands,NL,1987,16734.1514052316
Netherlands,NL,1986,13804.1360603265
Netherlands,NL,1985,9940.73843593795
Netherlands,NL,1984,9991.84377655651
Netherlands,NL,1983,10696.0774958682
Netherlands,NL,1982,11088.9543150885
Netherlands,NL,1981,11537.4026865092
Netherlands,NL,1980,13812.1600098191
Netherlands,NL,1979,12817.3790153401
Netherlands,NL,1978,11195.8424872959
Netherlands,NL,1977,9180.29918461772
Netherlands,NL,1976,7937.35246713998
Netherlands,NL,1975,7346.3047476862
Netherlands,NL,1974,6450.45770236493
Netherlands,NL,1973,5353.44265154981
Netherlands,NL,1972,4110.49164551948
Netherlands,NL,1971,3383.58715579996
Netherlands,NL,1970,2931.38078026525
Netherlands,NL,1969,2646.84581766825
Netherlands,NL,1968,2364.3594192663
Netherlands,NL,1967,2154.57969743046
Netherlands,NL,1966,1986.2702443166
Netherlands,NL,1965,1848.09801532427
Netherlands,NL,1964,1668.33086114697
Netherlands,NL,1963,1436.88726083934
China,CN,2022,12662.5826712038
China,CN,2021,12617.5051041181
China,CN,2020,10408.7195541075
China,CN,2019,10143.8602206165
China,CN,2018,9905.40638304527
China,CN,2017,8817.04560829162
China,CN,2016,8094.39016735149
China,CN,2015,8016.44559489998
China,CN,2014,7636.07434020616
China,CN,2013,7020.3860742288
China,CN,2012,6300.58217951734
China,CN,2011,5614.38602225277
China,CN,2010,4550.47394356715
China,CN,2009,3832.2274569094
China,CN,2008,3468.32706307504
China,CN,2007,2693.95873160283
China,CN,2006,2099.2194300499
China,CN,2005,1753.41419160544
China,CN,2004,1508.66791560781
China,CN,2003,1288.63749134336
China,CN,2002,1148.51425710711
China,CN,2001,1053.11231442789
China,CN,2000,959.360431369138
China,CN,1999,873.292336318005
China,CN,1998,828.594691043134
China,CN,1997,781.74256121344
China,CN,1996,709.415888233368
China,CN,1995,609.604337927454
China,CN,1994,473.489916407064
China,CN,1993,377.3898394789
China,CN,1992,366.460692306116
China,CN,1991,333.142145400184
China,CN,1990,317.884673040928
China,CN,1989,310.8819124049
China,CN,1988,283.537695240524
China,CN,1987,251.811956961329
China,CN,1986,281.928120911563
China,CN,1985,294.45884850496
China,CN,1984,250.713969046988
China,CN,1983,225.431928890812
China,CN,1982,203.334919503464
China,CN,1981,197.071474499102
China,CN,1980,194.804722186836
China,CN,1979,183.983152215978
China,CN,1978,156.396388520044
China,CN,1977,185.420537363904
China,CN,1976,165.404262395736
China,CN,1975,178.339614096146
China,CN,1974,160.147687922555
China,CN,1973,157.089110889702
China,CN,1972,131.885558530844
China,CN,1971,118.654144002222
China,CN,1970,113.162577847967
China,CN,1969,100.129537206454
China,CN,1968,91.4723838962347
China,CN,1967,96.5891788251155
China,CN,1966,104.32418478637
China,CN,1965,98.4864176995115
China,CN,1964,85.4982425898924
China,CN,1963,74.3133717692149
Lithuania,LT,2022,25085.784063499
Lithuania,LT,2021,23934.728489916
Lithuania,LT,2020,20541.824988603
Lithuania,LT,2019,19727.7607453736
Lithuania,LT,2018,19368.5391045353
Lithuania,LT,2017,16884.7100319318
Lithuania,LT,2016,14981.6208126311
Lithuania,LT,2015,14300.2553666736
Lithuania,LT,2014,16473.5678231709
Lithuania,LT,2013,15655.3513307327
Lithuania,LT,2012,14294.7178607152
Lithuania,LT,2011,14261.8433787325
Lithuania,LT,2010,11829.122609457
Lithuania,LT,2009,11854.3711053096
Lithuania,LT,2008,14955.5345462921
Lithuania,LT,2007,12295.1212779366
Lithuania,LT,2006,9210.10118229413
Lithuania,LT,2005,7857.03148786492
Lithuania,LT,2004,6734.57487061946
Lithuania,LT,2003,5507.47434187652
Lithuania,LT,2002,4148.13091485015
Lithuania,LT,2001,3532.52787363242
Lithuania,LT,2000,3300.63634928559
Lithuania,LT,1999,3127.51176667183
Lithuania,LT,1998,3180.64498555255
Lithuania,LT,1997,2844.16286797492
Lithuania,LT,1996,2340.67545970008
Lithuania,LT,1995,2182.69156931505
Italy,IT,2022,35635.7442204098
Italy,IT,2021,36852.5425414951
Italy,IT,2020,32091.4866621366
Italy,IT,2019,33812.788724868
Italy,IT,2018,34746.3441392416
Italy,IT,2017,32554.14668453
Italy,IT,2016,31126.3246947273
Italy,IT,2015,30387.1293187854
Italy,IT,2014,35750.7197500382
Italy,IT,2013,35747.707952689
Italy,IT,2012,35235.7989058242
Italy,IT,2011,38851.3881339353
Italy,IT,2010,36184.7118698678
Italy,IT,2009,37388.4537139699
Italy,IT,2008,41095.4063415012
Italy,IT,2007,38031.9709472716
Italy,IT,2006,33684.7200358552
Italy,IT,2005,32171.793374715
Italy,IT,2004,31425.8208728669
Italy,IT,2003,27618.9417740066
Italy,IT,2002,22463.5222129968
Italy,IT,2001,20571.4787737914
Italy,IT,2000,20190.0035636084
Italy,IT,1999,22049.9990620261
Italy,IT,1998,22365.1837644545
Italy,IT,1997,21883.9872666651
Italy,IT,1996,23122.9337219116
Italy,IT,1995,20712.1798690324
Italy,IT,1994,19382.2002150155
Italy,IT,1993,18781.9529427137
Italy,IT,1992,23297.0460325456
Italy,IT,1991,22007.1350964074
Italy,IT,1990,20873.7834092719
Italy,IT,1989,16424.4301587005
Italy,IT,1988,15780.9495122174
Italy,IT,1987,14267.5368168757
Italy,IT,1986,11341.0939892903
Italy,IT,1985,8009.10347642127
Italy,IT,1984,7757.55374836822
Italy,IT,1983,7850.62789042275
Italy,IT,1982,7573.93967597775
Italy,IT,1981,7640.40241250516
Italy,IT,1980,8476.41045000836
Italy,IT,1979,7006.39699054556
Italy,IT,1978,5623.42917622719
Italy,IT,1977,4614.21004931651
Italy,IT,1976,4042.39482463789
Italy,IT,1975,4116.45964933054
Italy,IT,1974,3629.49182319594
Italy,IT,1973,3212.63949627574
Italy,IT,1972,2677.29372999774
Italy,IT,1971,2310.92376058816
Italy,IT,1970,2111.71986404332
Italy,IT,1969,1886.45002730465
Italy,IT,1968,1718.49646427147
Italy,IT,1967,1595.48578129215
Italy,IT,1966,1458.94713889011
Italy,IT,1965,1357.0106162201
Italy,IT,1964,1271.80119301518
Italy,IT,1963,1171.3869628098
Nigeria,NG,2022,2139.37478476974
Nigeria,NG,2021,2017.27486481527
Nigeria,NG,2020,2019.65706326224
Nigeria,NG,2019,2265.15520863056
Nigeria,NG,2018,2057.87944554011
Nigeria,NG,2017,1876.34027111773
Nigeria,NG,2016,2070.4127339595
Nigeria,NG,2015,2585.73360671797
Nigeria,NG,2014,3088.72131316169
Nigeria,NG,2013,2872.79083379398
Nigeria,NG,2012,2633.19734671361
Nigeria,NG,2011,2418.41316975875
Nigeria,NG,2010,2202.25672957344
Nigeria,NG,2009,1820.48633854782
Nigeria,NG,2008,2154.10543545364
Nigeria,NG,2007,1815.52697545827
Nigeria,NG,2006,1599.53891556365
Nigeria,NG,2005,1211.37703504386
Nigeria,NG,2004,962.48104194733
Nigeria,NG,2003,763.388745367223
Nigeria,NG,2002,712.164852077686
Nigeria,NG,2001,566.428231812933
Nigeria,NG,2000,547.318298903379
Nigeria,NG,1999,480.669363941805
Nigeria,NG,1998,1822.46998452473
Nigeria,NG,1997,1720.27540949396
Nigeria,NG,1996,1632.72469370276
Nigeria,NG,1995,1271.61617353199
Nigeria,NG,1994,744.884247151377
Nigeria,NG,1993,539.573202297542
Nigeria,NG,1992,508.515905682785
Nigeria,NG,1991,596.938795710722
Nigeria,NG,1990,556.376449130902
Nigeria,NG,1989,465.488089532188
Nigeria,NG,1988,539.539468397166
Nigeria,NG,1987,587.956613434089
Nigeria,NG,1986,628.248453718536
Nigeria,NG,1985,868.640540548893
Nigeria,NG,1984,890.434106332302
Nigeria,NG,1983,1207.07374565349
Nigeria,NG,1982,1821.53265482387
Nigeria,NG,1981,2162.20995436075
Nigeria,NG,1980,870.359934682057
Nigeria,NG,1979,660.994040864293
Nigeria,NG,1978,526.895852928476
Nigeria,NG,1977,535.965307817329
Nigeria,NG,1976,556.389687719878
Nigeria,NG,1975,438.078813916795
Nigeria,NG,1974,402.836999782685
Nigeria,NG,1973,252.369032452868
Nigeria,NG,1972,209.454776294345
Nigeria,NG,1971,160.479255841113
Nigeria,NG,1970,224.46293599595
Nigeria,NG,1969,121.436663307697
Nigeria,NG,1968,97.3372081255964
Nigeria,NG,1967,99.5014906604697
Nigeria,NG,1966,124.382440176253
Nigeria,NG,1965,117.287226824734
Nigeria,NG,1964,113.297345671875
Nigeria,NG,1963,107.675741358944
Estonia,EE,2022,28451.1477825175
Estonia,EE,2021,27953.7670230126
Estonia,EE,2020,23933.9939421065
Estonia,EE,2019,24021.2501413306
Estonia,EE,2018,23618.1361254581
Estonia,EE,2017,20851.5223496861
Estonia,EE,2016,18666.3736521706
Estonia,EE,2015,17722.1557669523
Estonia,EE,2014,20581.7898991695
Estonia,EE,2013,19310.3874900757
Estonia,EE,2012,17568.2137969714
Estonia,EE,2011,17555.5455239426
Estonia,EE,2010,14663.7041018705
Estonia,EE,2009,14712.4494217916
Estonia,EE,2008,18205.9064113446
Estonia,EE,2007,16745.4308011148
Estonia,EE,2006,12641.4800976473
Estonia,EE,2005,10414.6381183565
Estonia,EE,2004,8916.0728274602
Estonia,EE,2003,7205.40703313243
Estonia,EE,2002,5343.18310760735
Estonia,EE,2001,4502.66614992392
Estonia,EE,2000,4070.60902410208
Estonia,EE,1999,4140.93660232167
Estonia,EE,1998,4093.39247738765
Estonia,EE,1997,3682.95230146695
Estonia,EE,1996,3380.92630243199
Estonia,EE,1995,3134.38975345407
Estonia,EE,1994,2819.12612100926
Estonia,EE,1993,2685.90889287357
Japan,JP,2022,34017.2718075024
Japan,JP,2021,40058.5373276179
Japan,JP,2020,40040.7655055923
Japan,JP,2019,40415.9567649547
Japan,JP,2018,39751.1330982711
Japan,JP,2017,38834.0529341227
Japan,JP,2016,39375.4731620781
Japan,JP,2015,34960.6393843385
Japan,JP,2014,38475.3952461838
Japan,JP,2013,40898.6478964744
Japan,JP,2012,49145.2804308193
Japan,JP,2011,48760.0789494211
Japan,JP,2010,44968.1562349739
Japan,JP,2009,41308.9968370512
Japan,JP,2008,39876.3039685725
Japan,JP,2007,35779.0245416427
Japan,JP,2006,35991.546002862
Japan,JP,2005,37812.8950199948
Japan,JP,2004,38298.9801712303
Japan,JP,2003,35387.0374203599
Japan,JP,2002,32820.7936433254
Japan,JP,2001,34406.1824638092
Japan,JP,2000,39169.3595701504
Japan,JP,1999,36610.1683163197
Japan,JP,1998,32423.7556133801
Japan,JP,1997,35638.2319556941
Japan,JP,1996,39150.0396308089
Japan,JP,1995,44197.6191013908
Japan,JP,1994,39933.5150564874
Japan,JP,1993,36345.2441262708
Japan,JP,1992,31992.7902119161
Japan,JP,1991,29428.4289039469
Japan,JP,1990,25801.3950393094
Japan,JP,1989,25265.9487590208
Japan,JP,1988,25499.8811728107
Japan,JP,1987,21141.7183951789
Japan,JP,1986,17451.8349394142
Japan,JP,1985,11809.4603450715
Japan,JP,1984,11207.4523524293
Japan,JP,1983,10652.0147161768
Japan,JP,1982,9779.97490636267
Japan,JP,1981,10583.1278908402
Japan,JP,1980,9668.74626395709
Japan,JP,1979,9301.14831026293
Japan,JP,1978,9012.13603523182
Japan,JP,1977,6472.7877874079
Japan,JP,1976,5310.43140904992
Japan,JP,1975,4775.89953559305
Japan,JP,1974,4448.31965623627
Japan,JP,1973,4061.0133895326
Japan,JP,1972,3031.43860570759
Japan,JP,1971,2321.39092521418
Japan,JP,1970,2100.74807036009
Japan,JP,1969,1802.98028061972
Japan,JP,1968,1553.27139379996
Japan,JP,1967,1326.36103912253
Japan,JP,1966,1143.60789652395
Japan,JP,1965,993.732722209078
Japan,JP,1964,902.867721515126
Japan,JP,1963,775.592123080162
Montenegro,ME,2022,10093.4387007266
Montenegro,ME,2021,9465.96153027794
Montenegro,ME,2020,7677.37132106817
Montenegro,ME,2019,8909.6538759126
Montenegro,ME,2018,8850.3749248372
Montenegro,ME,2017,7803.35824465203
Montenegro,ME,2016,7033.43962398373
Montenegro,ME,2015,6517.19267514764
Montenegro,ME,2014,7387.87296917548
Montenegro,ME,2013,7188.86361611271
Montenegro,ME,2012,6586.39970256684
Montenegro,ME,2011,7328.78943085498
Montenegro,ME,2010,6688.40259641346
Montenegro,ME,2009,6727.10776676969
Montenegro,ME,2008,7367.75190910882
Montenegro,ME,2007,5976.39414454596
Montenegro,ME,2006,4425.67887307803
Montenegro,ME,2005,3674.6179242797
Montenegro,ME,2004,3380.16512135859
Montenegro,ME,2003,2789.15906483509
Montenegro,ME,2002,2106.6350684523
Montenegro,ME,2001,1909.59870186179
Montenegro,ME,2000,1627.06511911987
Montenegro,ME,1999,1367.90257335097
Montenegro,ME,1998,1405.81632669854
Montenegro,ME,1997,1375.32668139586
Hungary,HU,2022,18353.298364905
Hungary,HU,2021,18755.1023464312
Hungary,HU,2020,16131.9540355923
Hungary,HU,2019,16786.2136399075
Hungary,HU,2018,16425.2050299693
Hungary,HU,2017,14621.2395956755
Hungary,HU,2016,13104.6995457458
Hungary,HU,2015,12717.038597002
Hungary,HU,2014,14294.2584180751
Hungary,HU,2013,13715.0703590361
Hungary,HU,2012,12984.8365730133
Hungary,HU,2011,14234.471576937
Hungary,HU,2010,13217.5045951108
Hungary,HU,2009,13077.305465178
Hungary,HU,2008,15772.3300839383
Hungary,HU,2007,13940.9092761999
Hungary,HU,2006,11489.5608654088
Hungary,HU,2005,11223.3993032598
Hungary,HU,2004,10301.7033946743
Hungary,HU,2003,8419.43087098103
Hungary,HU,2002,6655.33300865319
Hungary,HU,2001,5276.03318905496
Hungary,HU,2000,4624.28165670295
Hungary,HU,1999,4793.47852203763
Hungary,HU,1998,4744.21226429639
Hungary,HU,1997,4596.18262235195
Hungary,HU,1996,4525.03910312241
Hungary,HU,1995,4494.70762405948
Hungary,HU,1994,4173.37302405441
Hungary,HU,1993,3873.98772279767
Hungary,HU,1992,3735.10582034276
Hungary,HU,1991,3350.25832349229
Hungary,HU,1990,3312.69823800526
Hungary,HU,1989,2892.96729614731
Hungary,HU,1988,2803.06398657229
Hungary,HU,1987,2557.60366681372
Hungary,HU,1986,2323.23864322732
Hungary,HU,1985,2013.43352195314
Hungary,HU,1984,1984.74349777267
Hungary,HU,1983,2043.02997546324
Hungary,HU,1982,2247.70800537405
Hungary,HU,1981,2205.83366722579
Hungary,HU,1980,2151.1816628528
Hungary,HU,1979,1858.58930190771
Hungary,HU,1978,1612.60099090319
Hungary,HU,1977,1383.86613419222
Hungary,HU,1976,1244.72491436848
Hungary,HU,1975,1079.94042321749
Hungary,HU,1974,952.756132363523
Hungary,HU,1973,873.124533996772
Hungary,HU,1972,707.33760589871
Hungary,HU,1971,604.873176191056
Hungary,HU,1970,557.372982365269
Hungary,HU,1969,525.511780457936
Hungary,HU,1968,474.880214413036
"Bahamas, The",BS,2022,33044.388209429
"Bahamas, The",BS,2021,28682.3270000732
"Bahamas, The",BS,2020,25155.6725432789
"Bahamas, The",BS,2019,32979.5401279534
"Bahamas, The",BS,2018,32124.4051059669
"Bahamas, The",BS,2017,31337.1832464755
"Bahamas, The",BS,2016,30266.5859220987
"Bahamas, The",BS,2015,30289.4022514831
"Bahamas, The",BS,2014,28705.6170840548
"Bahamas, The",BS,2013,27432.9534269421
"Bahamas, The",BS,2012,28552.0242683151
"Bahamas, The",BS,2011,27090.8376801379
"Bahamas, The",BS,2010,27473.100430502
"Bahamas, The",BS,2009,27512.9130950084
"Bahamas, The",BS,2008,29392.3824416397
"Bahamas, The",BS,2007,30051.8489587756
"Bahamas, The",BS,2006,29184.7865087908
"Bahamas, The",BS,2005,28602.4181869995
"Bahamas, The",BS,2004,26650.2934234303
"Bahamas, The",BS,2003,26429.1247787663
"Bahamas, The",BS,2002,26781.6195938652
"Bahamas, The",BS,2001,25371.9237667614
"Bahamas, The",BS,2000,24940.0775086078
"Bahamas, The",BS,1999,24041.0933188158
"Bahamas, The",BS,1998,21667.448821694
"Bahamas, The",BS,1997,20367.5732702056
"Bahamas, The",BS,1996,11783.797197226
"Bahamas, The",BS,1995,11374.6056703852
"Bahamas, The",BS,1994,10991.2346674131
"Bahamas, The",BS,1993,10613.0658785813
"Bahamas, The",BS,1992,10873.4047501635
"Bahamas, The",BS,1991,11082.3528573617
"Bahamas, The",BS,1990,11473.3008389353
"Bahamas, The",BS,1989,11291.4764472044
"Bahamas, The",BS,1988,10575.797153666
"Bahamas, The",BS,1987,10361.3488079104
"Bahamas, The",BS,1986,9600.599527833
"Bahamas, The",BS,1985,9167.14687502469
"Bahamas, The",BS,1984,8201.70133768379
"Bahamas, The",BS,1983,7081.38194836084
"Bahamas, The",BS,1982,6559.46869259478
"Bahamas, The",BS,1981,6028.80641044063
"Bahamas, The",BS,1980,5742.58362505698
"Bahamas, The",BS,1979,4994.08535249529
"Bahamas, The",BS,1978,3720.04057901064
"Bahamas, The",BS,1977,3253.37543404956
"Bahamas, The",BS,1976,2993.45923795227
"Bahamas, The",BS,1975,2840.58965343091
"Bahamas, The",BS,1974,3079.74014083821
"Bahamas, The",BS,1973,3341.2852169669
"Bahamas, The",BS,1972,3013.95016704496
"Bahamas, The",BS,1971,3004.34356612542
"Bahamas, The",BS,1970,2916.49998378221
"Bahamas, The",BS,1969,3026.72757204421
"Bahamas, The",BS,1968,2668.01498039262
"Bahamas, The",BS,1967,2452.74763198925
"Bahamas, The",BS,1966,2239.23963996539
"Bahamas, The",BS,1965,2029.52301550644
"Bahamas, The",BS,1964,1883.44349106778
"Bahamas, The",BS,1963,1759.23657675868
Brazil,BR,2022,9281.33334441234
Brazil,BR,2021,7972.53665048385
Brazil,BR,2020,7074.19378281866
Brazil,BR,2019,9029.83326742175
Brazil,BR,2018,9300.66164936497
Brazil,BR,2017,10080.5092817775
Brazil,BR,2016,8836.28652636996
Brazil,BR,2015,8936.19661756825
Brazil,BR,2014,12274.9939689363
Brazil,BR,2013,12458.891214816
Brazil,BR,2012,12521.7213530369
Brazil,BR,2011,13396.6243566047
Brazil,BR,2010,11403.2821284616
Brazil,BR,2009,8678.65922498836
Brazil,BR,2008,8908.33176567294
Brazil,BR,2007,7409.69130727951
Brazil,BR,2006,5934.1447107274
Brazil,BR,2005,4827.78173052472
Brazil,BR,2004,3663.823188064
Brazil,BR,2003,3090.6070097455
Brazil,BR,2002,2855.94018885769
Brazil,BR,2001,3176.28935747524
Brazil,BR,2000,3766.54811466032
Brazil,BR,1999,3493.57162513699
Brazil,BR,1998,5105.89099544117
Brazil,BR,1997,5299.39630404412
Brazil,BR,1996,5179.13052002464
Brazil,BR,1995,4756.74840785403
Brazil,BR,1994,3298.71250747787
Brazil,BR,1993,2348.88247685352
Brazil,BR,1992,2127.31642731638
Brazil,BR,1991,2257.6092968885
Brazil,BR,1990,3117.73534721624
Brazil,BR,1989,2818.99277980122
Brazil,BR,1988,2140.65027561164
Brazil,BR,1987,2006.00226235757
Brazil,BR,1986,1854.03775211919
Brazil,BR,1985,1556.1297180511
Brazil,BR,1984,1419.73154606978
Brazil,BR,1983,1461.25582714178
Brazil,BR,1982,2137.6250359394
Brazil,BR,1981,2079.70908377484
Brazil,BR,1980,1958.57159232662
Brazil,BR,1979,1869.7133759549
Brazil,BR,1978,1732.50012204556
Brazil,BR,1977,1562.29143045708
Brazil,BR,1976,1389.74952306555
Brazil,BR,1975,1200.55823714607
Brazil,BR,1974,1044.76980947499
Brazil,BR,1973,814.731780553415
Brazil,BR,1972,583.492034946156
Brazil,BR,1971,500.001988983361
Brazil,BR,1970,443.799484982738
Brazil,BR,1969,399.49841913391
Brazil,BR,1968,373.925432639683
Brazil,BR,1967,351.472600370379
Brazil,BR,1966,328.343791519407
Brazil,BR,1965,268.028760553723
Brazil,BR,1964,257.259726897671
Brazil,BR,1963,294.169619376733
Tanzania,TZ,2022,1207.85302734375
Tanzania,TZ,2021,1159.85656738281
Tanzania,TZ,2020,1117.41528320313
Tanzania,TZ,2019,1063.32250976563
Tanzania,TZ,2018,1023.10626220703
Tanzania,TZ,2017,986.674011230469
Tanzania,TZ,2016,953.0107421875
Tanzania,TZ,2015,939.127319335938
Tanzania,TZ,2014,1022.74841308594
Tanzania,TZ,2013,963.05712890625
Tanzania,TZ,2012,861.969909667969
Tanzania,TZ,2011,775.392761230469
Tanzania,TZ,2010,736.530151367188
Tanzania,TZ,2009,693.823547363281
Tanzania,TZ,2008,675.977233886719
Tanzania,TZ,2007,543.198303222656
Tanzania,TZ,2006,475.746734619141
Tanzania,TZ,2005,483.334869384766
Tanzania,TZ,2004,450.385284423828
Tanzania,TZ,2003,422.18359375
Tanzania,TZ,2002,402.649047851563
Tanzania,TZ,2001,396.638732910156
Tanzania,TZ,2000,401.698150634766
Tanzania,TZ,1999,392.621765136719
Tanzania,TZ,1998,386.378448486328
Tanzania,TZ,1997,363.597686767578
Tanzania,TZ,1996,313.658386230469
Tanzania,TZ,1995,258.418334960938
Tanzania,TZ,1994,228.890029907227
Tanzania,TZ,1993,224.491546630859
Tanzania,TZ,1992,250.329925537109
Tanzania,TZ,1991,276.452453613281
Tanzania,TZ,1990,243.611557006836
Tanzania,TZ,1989,259.502227783203
Tanzania,TZ,1988,307.50634765625
Tanzania,TZ,1987,334.822784423828
Tanzania,TZ,1986,479.281768798828
Tanzania,TZ,1985,700.450073242188
Tanzania,TZ,1984,609.331420898438
Tanzania,TZ,1983,685.276489257813
Tanzania,TZ,1982,701.959838867188
Tanzania,TZ,1981,683.913269042969
Tanzania,TZ,1980,611.211791992188
Tanzania,TZ,1979,542.11474609375
Tanzania,TZ,1978,529.603637695313
Tanzania,TZ,1977,458.058349609375
Tanzania,TZ,1976,397.542755126953
Tanzania,TZ,1975,364.969940185547
Tanzania,TZ,1974,328.783599853516
Tanzania,TZ,1973,283.801849365234
Tanzania,TZ,1972,246.546295166016
Tanzania,TZ,1971,224.451416015625
Tanzania,TZ,1970,217.235641479492
Tanzania,TZ,1969,405.450805664063
Tanzania,TZ,1968,399.301635742188
Tanzania,TZ,1967,384.642944335938
Tanzania,TZ,1966,380.497924804688
Tanzania,TZ,1965,342.077941894531
Tanzania,TZ,1964,346.301818847656
Tanzania,TZ,1963,329.010589599609
Brunei Darussalam,BN,2022,36632.9280421411
Brunei Darussalam,BN,2021,31006.9636220576
Brunei Darussalam,BN,2020,26834.3592463839
Brunei Darussalam,BN,2019,30426.5730284202
Brunei Darussalam,BN,2018,30988.1190497851
Brunei Darussalam,BN,2017,28024.3824618568
Brunei Darussalam,BN,2016,26663.2973199878
Brunei Darussalam,BN,2015,30625.128732694
Brunei Darussalam,BN,2014,41026.508391054
Brunei Darussalam,BN,2013,44003.0644293856
Brunei Darussalam,BN,2012,46968.5971144517
Brunei Darussalam,BN,2011,46382.8274456238
Brunei Darussalam,BN,2010,34937.5555174068
Brunei Darussalam,BN,2009,30946.4674272953
Brunei Darussalam,BN,2008,42156.5685216979
Brunei Darussalam,BN,2007,36217.3291010089
Brunei Darussalam,BN,2006,34674.7995990594
Brunei Darussalam,BN,2005,29386.2703597208
Brunei Darussalam,BN,2004,24423.0947731021
Brunei Darussalam,BN,2003,20677.9001224663
Brunei Darussalam,BN,2002,18621.2922677806
Brunei Darussalam,BN,2001,18287.8271687345
Brunei Darussalam,BN,2000,20130.2571493081
Brunei Darussalam,BN,1999,19752.2013169229
Brunei Darussalam,BN,1998,17769.2463626025
Brunei Darussalam,BN,1997,25522.3975481543
Brunei Darussalam,BN,1996,25692.235637475
Brunei Darussalam,BN,1995,26443.2564321071
Brunei Darussalam,BN,1994,22766.5871897245
Brunei Darussalam,BN,1993,22397.073791312
Brunei Darussalam,BN,1992,23450.8964414887
Brunei Darussalam,BN,1991,23932.1897530199
Brunei Darussalam,BN,1990,23658.7166330381
Brunei Darussalam,BN,1989,20090.0690184766
Brunei Darussalam,BN,1988,18824.7637309359
Brunei Darussalam,BN,1987,21029.7189772961
Brunei Darussalam,BN,1986,18500.5408625966
Brunei Darussalam,BN,1985,31827.4059557344
Brunei Darussalam,BN,1984,36061.3815259405
Brunei Darussalam,BN,1983,38720.0939254718
Brunei Darussalam,BN,1982,45074.5499241983
Brunei Darussalam,BN,1981,48793.4422577232
Brunei Darussalam,BN,1980,58005.3424763282
Brunei Darussalam,BN,1979,33501.2782714145
Brunei Darussalam,BN,1978,23446.5341231193
Brunei Darussalam,BN,1977,21746.8559126458
Brunei Darussalam,BN,1976,18671.3624129294
Brunei Darussalam,BN,1975,15793.1312553958
Brunei Darussalam,BN,1974,15194.792305663
Brunei Darussalam,BN,1973,2938.85095702716
Brunei Darussalam,BN,1972,1904.66760457331
Brunei Darussalam,BN,1971,1432.16600656705
Brunei Darussalam,BN,1970,1325.15598362979
Brunei Darussalam,BN,1969,1226.43698889034
Brunei Darussalam,BN,1968,1274.0903793851
Brunei Darussalam,BN,1967,1148.84303232869
Brunei Darussalam,BN,1966,1145.70592233266
Brunei Darussalam,BN,1965,1028.88450343084
"Korea, Rep.",KR,2022,32394.6833725203
"Korea, Rep.",KR,2021,35125.5224984723
"Korea, Rep.",KR,2020,31721.2989141857
"Korea, Rep.",KR,2019,31902.4169048194
"Korea, Rep.",KR,2018,33447.1562836166
"Korea, Rep.",KR,2017,31600.7358741365
"Korea, Rep.",KR,2016,29280.4403170048
"Korea, Rep.",KR,2015,28737.4391706499
"Korea, Rep.",KR,2014,29252.9312377352
"Korea, Rep.",KR,2013,27179.5170146052
"Korea, Rep.",KR,2012,25459.1689000965
"Korea, Rep.",KR,2011,25097.595426845
"Korea, Rep.",KR,2010,23079.2601257735
"Korea, Rep.",KR,2009,19143.8516053025
"Korea, Rep.",KR,2008,21350.427979823
"Korea, Rep.",KR,2007,24086.4104391677
"Korea, Rep.",KR,2006,21743.4774514254
"Korea, Rep.",KR,2005,19402.5026259549
"Korea, Rep.",KR,2004,16496.1316167114
"Korea, Rep.",KR,2003,14672.8057539465
"Korea, Rep.",KR,2002,13165.08362497
"Korea, Rep.",KR,2001,11561.2071745115
"Korea, Rep.",KR,2000,12257.0206622345
"Korea, Rep.",KR,1999,10672.4475586765
"Korea, Rep.",KR,1998,8281.71948271445
"Korea, Rep.",KR,1997,12398.4904543462
"Korea, Rep.",KR,1996,13402.994604707
"Korea, Rep.",KR,1995,12564.7243743092
"Korea, Rep.",KR,1994,10385.3904572997
"Korea, Rep.",KR,1993,8884.91946408987
"Korea, Rep.",KR,1992,8126.66206183629
"Korea, Rep.",KR,1991,7636.9480638849
"Korea, Rep.",KR,1990,6609.99728316175
"Korea, Rep.",KR,1989,5817.06556721983
"Korea, Rep.",KR,1988,4748.64064406123
"Korea, Rep.",KR,1987,3554.60600894471
"Korea, Rep.",KR,1986,2834.89033966815
"Korea, Rep.",KR,1985,2482.39995573606
"Korea, Rep.",KR,1984,2413.27650109593
"Korea, Rep.",KR,1983,2198.93929063878
"Korea, Rep.",KR,1982,1992.51677784629
"Korea, Rep.",KR,1981,1883.45598002963
"Korea, Rep.",KR,1980,1715.42239973641
"Korea, Rep.",KR,1979,1783.62231287847
"Korea, Rep.",KR,1978,1405.82237444554
"Korea, Rep.",KR,1977,1055.8800411599
"Korea, Rep.",KR,1976,834.134207951691
"Korea, Rep.",KR,1975,617.456061933567
"Korea, Rep.",KR,1974,563.352475775669
"Korea, Rep.",KR,1973,406.897093528455
"Korea, Rep.",KR,1972,324.192811178745
"Korea, Rep.",KR,1971,301.178736655376
"Korea, Rep.",KR,1970,279.308746302217
"Korea, Rep.",KR,1969,243.426137656633
"Korea, Rep.",KR,1968,198.434884397043
"Korea, Rep.",KR,1967,161.159443282246
"Korea, Rep.",KR,1966,133.479834432364
"Korea, Rep.",KR,1965,108.723112442051
"Korea, Rep.",KR,1964,123.606374492665
"Korea, Rep.",KR,1963,146.302492590131
South Africa,ZA,2022,6523.41097815853
South Africa,ZA,2021,6843.39941886204
South Africa,ZA,2020,5580.60383075189
South Africa,ZA,2019,6533.71121032856
South Africa,ZA,2018,6914.1780318076
South Africa,ZA,2017,6618.33508255701
South Africa,ZA,2016,5651.20585165749
South Africa,ZA,2015,6112.27382485974
South Africa,ZA,2014,6856.73137092522
South Africa,ZA,2013,7331.65467384919
South Africa,ZA,2012,8076.97678479741
South Africa,ZA,2011,8646.05571071635
South Africa,ZA,2010,7973.47195771517
South Africa,ZA,2009,6374.70560042992
South Africa,ZA,2008,6184.75474328399
South Africa,ZA,2007,6591.85535960564
South Africa,ZA,2006,6077.38293388876
South Africa,ZA,2005,5836.87663325127
South Africa,ZA,2004,5221.46333731721
South Africa,ZA,2003,4062.21755993786
South Africa,ZA,2002,2688.23676032806
South Africa,ZA,2001,2847.15191945908
South Africa,ZA,2000,3217.84693448467
South Africa,ZA,1999,3242.36830483958
South Africa,ZA,1998,3309.60933087472
South Africa,ZA,1997,3700.23554789867
South Africa,ZA,1996,3617.55336002932
South Africa,ZA,1995,3855.6340871567
South Africa,ZA,1994,3488.59711541763
South Africa,ZA,1993,3399.64009566241
South Africa,ZA,1992,3462.39400202835
South Africa,ZA,1991,3243.23616023953
South Africa,ZA,1990,3093.48920352334
South Africa,ZA,1989,2726.70980679488
South Africa,ZA,1988,2702.05504774508
South Africa,ZA,1987,2586.27423314228
South Africa,ZA,1986,2027.4662038189
South Africa,ZA,1985,1839.4841908184
South Africa,ZA,1984,2504.07736790289
South Africa,ZA,1983,2938.48980239675
South Africa,ZA,1982,2717.16388710425
South Africa,ZA,1981,3049.71474333882
South Africa,ZA,1980,3028.97447561832
South Africa,ZA,1979,2201.51922339868
South Africa,ZA,1978,1851.75191300848
South Africa,ZA,1977,1671.46618837272
South Africa,ZA,1976,1558.99824733487
South Africa,ZA,1975,1670.11816898954
South Africa,ZA,1974,1656.2890557998
South Africa,ZA,1973,1369.16160033933
South Africa,ZA,1972,1038.39407468283
South Africa,ZA,1971,1020.43983590718
South Africa,ZA,1970,952.352188073537
South Africa,ZA,1969,890.922089102936
South Africa,ZA,1968,817.128340614066
South Africa,ZA,1967,778.839335829791
South Africa,ZA,1966,721.75375941418
South Africa,ZA,1965,684.62122774035
South Africa,ZA,1964,645.873375685446
South Africa,ZA,1963,604.536855270991
Haiti,HT,2022,1760.62635668777
Haiti,HT,2021,1835.44394078496
Haiti,HT,2020,1290.32538667383
Haiti,HT,2019,1352.17204191532
Haiti,HT,2018,1496.38048970156
Haiti,HT,2017,1395.23945184461
Haiti,HT,2016,1318.40268167953
Haiti,HT,2015,1411.12684746796
Haiti,HT,2014,1460.18898613914
Haiti,HT,2013,1457.83221179626
Haiti,HT,2012,1361.39396587374
Haiti,HT,2011,1312.03953552013
Haiti,HT,2010,1209.72733503094
Haiti,HT,2009,1196.8528706018
Haiti,HT,2008,1094.66058421644
Haiti,HT,2007,984.566983448521
Haiti,HT,2006,828.805700289589
Haiti,HT,2005,775.845704056916
Haiti,HT,2004,683.185298155273
Haiti,HT,2003,578.995291079709
Haiti,HT,2002,720.969568042522
Haiti,HT,2001,748.821159844528
Haiti,HT,2000,820.600046761464
Haiti,HT,1999,509.578585275375
Haiti,HT,1998,465.363306259051
Haiti,HT,1997,425.111085879256
Haiti,HT,1996,377.229465025972
Haiti,HT,1995,372.006104665125
Haiti,HT,1994,292.134224374091
Haiti,HT,1993,258.066372258817
Haiti,HT,1992,316.276513134354
Haiti,HT,1991,496.545987433864
Haiti,HT,1990,451.720249689216
Haiti,HT,1989,407.498708064211
Haiti,HT,1988,397.365336276412
Haiti,HT,1987,317.635520687503
Haiti,HT,1986,366.997344256492
Haiti,HT,1985,324.575156092964
Haiti,HT,1984,299.247186216373
Haiti,HT,1983,272.823694996686
Haiti,HT,1982,252.607250558051
Haiti,HT,1981,258.468043101302
Haiti,HT,1980,246.46927157982
Haiti,HT,1979,196.20196855612
Haiti,HT,1978,180.321253919424
Haiti,HT,1977,178.696912675895
Haiti,HT,1976,169.091888071558
Haiti,HT,1975,133.631792050575
Haiti,HT,1974,113.039260601755
Haiti,HT,1973,95.1341802581181
Haiti,HT,1972,77.2765182599349
Haiti,HT,1971,76.8116150679491
Haiti,HT,1970,71.4543990624631
Haiti,HT,1969,86.1269803448153
Haiti,HT,1968,82.4057717596557
Haiti,HT,1967,84.217267674485
Haiti,HT,1966,85.7493738145357
Haiti,HT,1965,83.6332514169638
Haiti,HT,1964,78.4520158485608
Haiti,HT,1963,72.3983493523801
Paraguay,PY,2022,6205.62595379319
Paraguay,PY,2021,5976.9317978996
Paraguay,PY,2020,5365.47220721191
Paraguay,PY,2019,5821.18199548637
Paraguay,PY,2018,6258.44991640954
Paraguay,PY,2017,6152.26711537703
Paraguay,PY,2016,5775.1596339946
Paraguay,PY,2015,5879.33792308671
Paraguay,PY,2014,6652.25478942291
Paraguay,PY,2013,6435.68342733182
Paraguay,PY,2012,5642.1699167298
Paraguay,PY,2011,5805.40154543044
Paraguay,PY,2010,4750.96273669322
Paraguay,PY,2009,3941.84815479271
Paraguay,PY,2008,4384.9546943793
Paraguay,PY,2007,3211.93621659546
Paraguay,PY,2006,2439.43124694576
Paraguay,PY,2005,1970.87169852378
Paraguay,PY,2004,1786.21533938543
Paraguay,PY,2003,1443.99885236205
Paraguay,PY,2002,1367.76506935997
Paraguay,PY,2001,1637.68615122932
Paraguay,PY,2000,1736.11729210765
Paraguay,PY,1999,1766.30657288259
Paraguay,PY,1998,1889.88455618586
Paraguay,PY,1997,2078.50841313824
Paraguay,PY,1996,2088.17109102236
Paraguay,PY,1995,1978.71514099575
Paraguay,PY,1994,1760.28807083292
Paraguay,PY,1993,1661.70955306218
Paraguay,PY,1992,1682.67444777611
Paraguay,PY,1991,1685.26890082621
Paraguay,PY,1990,1440.15829610029
Paraguay,PY,1989,1211.29634333964
Paraguay,PY,1988,1113.89406863138
Paraguay,PY,1987,1068.95380287336
Paraguay,PY,1986,1031.15623781062
Paraguay,PY,1985,934.991981806694
Paraguay,PY,1984,1319.23446766653
Paraguay,PY,1983,1709.80484009501
Paraguay,PY,1982,1679.81843739033
Paraguay,PY,1981,1792.61496129399
Paraguay,PY,1980,1456.84406918803
Paraguay,PY,1979,1148.89527317637
Paraguay,PY,1978,882.931919341442
Paraguay,PY,1977,739.83449409653
Paraguay,PY,1976,615.825049934218
Paraguay,PY,1975,561.522396286823
Paraguay,PY,1974,507.87047971714
Paraguay,PY,1973,388.712259813059
Paraguay,PY,1972,307.630516228445
Paraguay,PY,1971,272.082440745597
Paraguay,PY,1970,248.996708209079
Paraguay,PY,1969,238.242208450243
Paraguay,PY,1968,226.80197812329
Paraguay,PY,1967,220.930909757875
Paraguay,PY,1966,213.947608399441
Paraguay,PY,1965,208.729579506696
Paraguay,PY,1964,196.973355774177
Paraguay,PY,1963,189.872423489268
"Venezuela, RB",VE,2014,15943.6127197163
"Venezuela, RB",VE,2013,12403.1466957582
"Venezuela, RB",VE,2012,12901.4171582274
"Venezuela, RB",VE,2011,10843.9229703167
"Venezuela, RB",VE,2010,13646.3046622664
"Venezuela, RB",VE,2009,11596.6021921731
"Venezuela, RB",VE,2008,11262.4514256759
"Venezuela, RB",VE,2007,8331.62096991844
"Venezuela, RB",VE,2006,6739.38065342219
"Venezuela, RB",VE,2005,5432.4854184654
"Venezuela, RB",VE,2004,4269.08970872392
"Venezuela, RB",VE,2003,3229.50557082079
"Venezuela, RB",VE,2002,3652.09896501865
"Venezuela, RB",VE,2001,4920.39313600453
"Venezuela, RB",VE,2000,4776.2816763938
"Venezuela, RB",VE,1999,4070.90619189484
"Venezuela, RB",VE,1998,3869.98258848894
"Venezuela, RB",VE,1997,3710.82688355096
"Venezuela, RB",VE,1996,3112.825848106
"Venezuela, RB",VE,1995,3486.98350635919
"Venezuela, RB",VE,1994,2688.98325145295
"Venezuela, RB",VE,1993,2824.69144366441
"Venezuela, RB",VE,1992,2907.30334439434
"Venezuela, RB",VE,1991,2632.53969814106
"Venezuela, RB",VE,1990,2451.5523114567
"Venezuela, RB",VE,1989,2250.08459665588
"Venezuela, RB",VE,1988,3191.47633742656
"Venezuela, RB",VE,1987,2610.98837126004
"Venezuela, RB",VE,1986,3376.34960597843
"Venezuela, RB",VE,1985,3548.70434276284
"Venezuela, RB",VE,1984,3519.80146489308
"Venezuela, RB",VE,1983,4078.94233103427
"Venezuela, RB",VE,1982,4201.54283466342
"Venezuela, RB",VE,1981,4228.0988152685
"Venezuela, RB",VE,1980,3874.40470623155
"Venezuela, RB",VE,1979,3256.64908738452
"Venezuela, RB",VE,1978,2727.13746585327
"Venezuela, RB",VE,1977,2585.22051087846
"Venezuela, RB",VE,1976,2309.19293494983
"Venezuela, RB",VE,1975,2078.1534203511
"Venezuela, RB",VE,1974,2033.51900797712
"Venezuela, RB",VE,1973,1366.83361997071
"Venezuela, RB",VE,1972,1155.26236263344
"Venezuela, RB",VE,1971,1106.08824294225
"Venezuela, RB",VE,1970,1015.21990755986
"Venezuela, RB",VE,1969,931.598755748143
"Venezuela, RB",VE,1968,938.015078662499
"Venezuela, RB",VE,1967,892.985315556393
"Venezuela, RB",VE,1966,875.956231715029
"Venezuela, RB",VE,1965,869.041067890497
"Venezuela, RB",VE,1964,873.604754880876
"Venezuela, RB",VE,1963,1060.09433210388
