Country,Year,GDP per Capita
Africa Eastern and Southern,2021,1522.59008804972
Africa Eastern and Southern,2020,1344.08096192004
Africa Eastern and Southern,2019,1493.78044490037
Africa Eastern and Southern,2018,1538.92418773564
Africa Western and Central,2021,1747.84054911545
Africa Western and Central,2020,1664.24917643553
Africa Western and Central,2019,1783.65436491191
Africa Western and Central,2018,1703.89639222804
Arab World,2021,6445.80726093411
Arab World,2020,5648.34111789395
Arab World,2019,6525.21184312385
Arab World,2018,6576.51663083912
Caribbean small states,2021,11920.3427576157
Caribbean small states,2020,10270.790474345
Caribbean small states,2019,12356.3216439351
Caribbean small states,2018,12047.8528111635
Central Europe and the Baltics,2021,19144.0685537317
Central Europe and the Baltics,2020,16450.8775088615
Central Europe and the Baltics,2019,16475.161477584
Central Europe and the Baltics,2018,16181.6073703684
Early-demographic dividend,2021,3732.86849069467
Early-demographic dividend,2020,3240.95150218079
Early-demographic dividend,2019,3527.54327176522
Early-demographic dividend,2018,3503.21320137921
East Asia & Pacific,2021,13117.3989864275
East Asia & Pacific,2020,11464.1012855988
East Asia & Pacific,2019,11458.795842252
East Asia & Pacific,2018,11285.8972298534
East Asia & Pacific (excluding high income),2021,9795.31938942758
East Asia & Pacific (excluding high income),2020,8245.71521577714
East Asia & Pacific (excluding high income),2019,8153.62140587102
East Asia & Pacific (excluding high income),2018,7925.42476458249
East Asia & Pacific (IDA & IBRD countries),2021,9905.15440355218
East Asia & Pacific (IDA & IBRD countries),2020,8338.13776036985
East Asia & Pacific (IDA & IBRD countries),2019,8245.10161071216
East Asia & Pacific (IDA & IBRD countries),2018,8014.49766251885
Euro area,2021,42978.8817916638
Euro area,2020,38241.5756519082
Euro area,2019,39217.3839966029
Euro area,2018,40068.5215464339
Europe & Central Asia,2021,27591.2437497041
Europe & Central Asia,2020,24091.3416895738
Europe & Central Asia,2019,24958.3859753607
Europe & Central Asia,2018,25340.1536558293
Europe & Central Asia (excluding high income),2021,6623.50479025077
Europe & Central Asia (excluding high income),2020,5733.5388117287
Europe & Central Asia (excluding high income),2019,6020.75079545102
Europe & Central Asia (excluding high income),2018,5952.35226461881
Europe & Central Asia (IDA & IBRD countries),2021,10010.7744146786
Europe & Central Asia (IDA & IBRD countries),2020,8443.06159084581
Europe & Central Asia (IDA & IBRD countries),2019,9027.50709505223
Europe & Central Asia (IDA & IBRD countries),2018,8884.71291375979
European Union,2021,39180.3758426065
European Union,2020,34635.4895902222
European Union,2019,35341.5703329216
European Union,2018,36002.564051993
Fragile and conflict affected situations,2021,1753.54775352624
Fragile and conflict affected situations,2020,1680.96884674984
Fragile and conflict affected situations,2019,1890.22006963616
Fragile and conflict affected situations,2018,1819.00302147749
Heavily indebted poor countries (HIPC),2021,1040.03410722444
Heavily indebted poor countries (HIPC),2020,959.181737577661
Heavily indebted poor countries (HIPC),2019,976.312547557857
Heavily indebted poor countries (HIPC),2018,968.18729528141
High income,2021,45229.2753341398
High income,2020,40262.8698752887
High income,2019,41457.3871652811
High income,2018,41180.3426854104
IBRD only,2021,7289.99204765957
IBRD only,2020,6171.87965743072
IBRD only,2019,6459.05649734705
IBRD only,2018,6376.20637613022
IDA & IBRD total,2021,5707.61064306399
IDA & IBRD total,2020,4884.2624249805
IDA & IBRD total,2019,5125.36118877249
IDA & IBRD total,2018,5071.47780601742
IDA blend,2021,1827.96310627066
IDA blend,2020,1713.86457937643
IDA blend,2019,1865.35605450935
IDA blend,2018,1856.81876322366
IDA only,2021,1276.2327161945
IDA only,2020,1197.82655626131
IDA only,2019,1211.19958978076
IDA only,2018,1177.52764226474
IDA total,2021,1460.26675489479
IDA total,2020,1370.26257847044
IDA total,2019,1430.29036966118
IDA total,2018,1405.59717231873
Late-demographic dividend,2021,11597.4855569831
Late-demographic dividend,2020,9734.68959265357
Late-demographic dividend,2019,9991.40401633086
Late-demographic dividend,2018,9850.36115121356
Latin America & Caribbean,2021,8596.3558852242
Latin America & Caribbean,2020,7444.66073393848
Latin America & Caribbean,2019,8830.90045629058
Latin America & Caribbean,2018,9034.70781075096
Latin America & Caribbean (excluding high income),2021,7996.40776122081
Latin America & Caribbean (excluding high income),2020,6940.27896334688
Latin America & Caribbean (excluding high income),2019,8305.98946791718
Latin America & Caribbean (excluding high income),2018,8504.73822009603
Latin America & the Caribbean (IDA & IBRD countries),2021,8382.65451574502
Latin America & the Caribbean (IDA & IBRD countries),2020,7240.56006051251
Latin America & the Caribbean (IDA & IBRD countries),2019,8654.86209465818
Latin America & the Caribbean (IDA & IBRD countries),2018,8877.72299219367
Least developed countries: UN classification,2021,1153.75092851568
Least developed countries: UN classification,2020,1081.79748199294
Least developed countries: UN classification,2019,1097.76355049254
Least developed countries: UN classification,2018,1065.22658037951
Low & middle income,2021,5345.67919342271
Low & middle income,2020,4585.37575872202
Low & middle income,2019,4791.42088334726
Low & middle income,2018,4738.20340339937
Low income,2021,680.052723595916
Low income,2020,651.453378446489
Low income,2019,676.709800653852
Low income,2018,654.345171301588
Lower middle income,2021,2300.761243364
Lower middle income,2020,2057.14629082262
Lower middle income,2019,2152.16187917576
Lower middle income,2018,2076.456710545
Middle East & North Africa,2021,7801.40393400528
Middle East & North Africa,2020,6650.85368826242
Middle East & North Africa,2019,7590.75451796732
Middle East & North Africa,2018,7732.44296580288
Middle East & North Africa (excluding high income),2021,3653.70376970852
Middle East & North Africa (excluding high income),2020,3175.61706654976
Middle East & North Africa (excluding high income),2019,3594.10876400589
Middle East & North Africa (excluding high income),2018,3682.71025533449
Middle East & North Africa (IDA & IBRD countries),2021,3653.41158751434
Middle East & North Africa (IDA & IBRD countries),2020,3174.94415084122
Middle East & North Africa (IDA & IBRD countries),2019,3593.38666747385
Middle East & North Africa (IDA & IBRD countries),2018,3684.084605003
Middle income,2021,5906.22674978763
Middle income,2020,5049.55823705701
Middle income,2019,5267.9276273194
Middle income,2018,5202.51034300538
North America,2021,69382.1728474769
North America,2020,62271.1969150653
North America,2019,63634.786103642
North America,2018,61512.7212012788
OECD members,2021,43133.7860734899
OECD members,2020,38686.327403326
OECD members,2019,39764.8216112273
OECD members,2018,39573.0447485009
Other small states,2021,15120.1040765783
Other small states,2020,13071.2236222876
Other small states,2019,14425.2470146907
Other small states,2018,14455.7757539518
Pacific island small states,2021,3638.30140671833
Pacific island small states,2020,3666.59898132535
Pacific island small states,2019,4170.32118081193
Pacific island small states,2018,4245.78718413539
Post-demographic dividend,2021,49980.4043268261
Post-demographic dividend,2020,44858.1104615819
Post-demographic dividend,2019,45916.4122663126
Post-demographic dividend,2018,45562.8677932304
Pre-demographic dividend,2021,1404.30365764781
Pre-demographic dividend,2020,1313.17035996031
Pre-demographic dividend,2019,1469.63291800162
Pre-demographic dividend,2018,1432.1297922805
Small states,2021,13092.4975736112
Small states,2020,11381.557900564
Small states,2019,12739.8388742478
Small states,2018,12723.981268455
South Asia,2021,2131.30229648282
South Asia,2020,1843.19527438293
South Asia,2019,1952.01340084598
South Asia,2018,1907.38178097978
South Asia (IDA & IBRD),2021,2131.30229648282
South Asia (IDA & IBRD),2020,1843.19527438293
South Asia (IDA & IBRD),2019,1952.01340084598
South Asia (IDA & IBRD),2018,1907.38178097978
Sub-Saharan Africa,2021,1613.8768603775
Sub-Saharan Africa,2020,1474.05531054261
Sub-Saharan Africa,2019,1611.67363549653
Sub-Saharan Africa,2018,1606.1313576289
Sub-Saharan Africa (excluding high income),2021,1612.77003780241
Sub-Saharan Africa (excluding high income),2020,1472.99671243066
Sub-Saharan Africa (excluding high income),2019,1610.17142040812
Sub-Saharan Africa (excluding high income),2018,1604.66374694771
Sub-Saharan Africa (IDA & IBRD countries),2021,1613.8768603775
Sub-Saharan Africa (IDA & IBRD countries),2020,1474.05531054261
Sub-Saharan Africa (IDA & IBRD countries),2019,1611.67363549653
Sub-Saharan Africa (IDA & IBRD countries),2018,1606.1313576289
Upper middle income,2021,9770.29069696583
Upper middle income,2020,8228.64336599656
Upper middle income,2019,8551.4409621973
Upper middle income,2018,8473.68198859219
World,2021,12352.73608496
World,2020,10916.687666264
World,2019,11334.8430932207
World,2018,11288.8842617304
Afghanistan,2021,356.496214115892
Afghanistan,2020,510.787063366811
Afghanistan,2019,496.6025042585
Afghanistan,2018,491.337221382603
Albania,2021,6413.28328605026
Albania,2020,5370.77862312929
Albania,2019,5460.42823730592
Albania,2018,5365.48934672897
Algeria,2021,4160.55926736925
Algeria,2020,3743.5419522929
Algeria,2019,4468.45341883656
Algeria,2018,4577.21029180491
American Samoa,2021,15236.1604875571
American Samoa,2020,14489.2586563775
American Samoa,2019,12886.1359517218
American Samoa,2018,12552.0546868861
Andorra,2021,42425.6996756291
Andorra,2020,37361.0900666982
Andorra,2019,41257.8045846483
Andorra,2018,42819.7745797624
Angola,2021,1925.87466082167
Angola,2020,1449.92286669308
Angola,2019,2189.85571407618
Angola,2018,2538.59139143371
Antigua and Barbuda,2021,17340.3790692554
Antigua and Barbuda,2020,15360.4544160475
Antigua and Barbuda,2019,18884.3729680383
Antigua and Barbuda,2018,18273.4270684912
Argentina,2021,10738.0179223384
Argentina,2020,8535.59938004389
Argentina,2019,9955.97478680428
Argentina,2018,11752.7998922979
Armenia,2021,4685.17997128509
Armenia,2020,4268.68093304583
Armenia,2019,4597.22887399548
Armenia,2018,4196.00562301769
Aruba,2021,27200.0610793969
Aruba,2020,22855.9323200761
Aruba,2019,31096.2050738676
Aruba,2018,30082.1276448186
Australia,2021,60607.7788605166
Australia,2020,51791.540179984
Australia,2019,54972.7017885437
Australia,2018,57196.4220783778
Austria,2021,53648.7190742245
Austria,2020,48716.4098900349
Austria,2019,49885.9947355204
Austria,2018,51194.0749841299
Azerbaijan,2021,5408.04535175023
Azerbaijan,2020,4229.91064904503
Azerbaijan,2019,4805.75371765917
Azerbaijan,2018,4739.7943123408
"Bahamas, The",2021,28682.3270000732
"Bahamas, The",2020,25155.6725432789
"Bahamas, The",2019,32979.5401279534
"Bahamas, The",2018,32124.4051059669
Bahrain,2021,27147.8083882286
Bahrain,2020,24342.8444554718
Bahrain,2019,27259.7438599327
Bahrain,2018,26324.4066549559
Bangladesh,2021,2482.84917843357
Bangladesh,2020,2248.85078828233
Bangladesh,2019,2129.79896954606
Bangladesh,2018,1965.24372731467
Barbados,2021,18696.7858952957
Barbados,2020,18347.1109131055
Barbados,2019,20583.7265786414
Barbados,2018,20055.915870771
Belarus,2021,7489.71894713888
Belarus,2020,6542.8645398436
Belarus,2019,6837.76832136779
Belarus,2018,6360.05310087258
Belgium,2021,51655.7883303715
Belgium,2020,45906.2875805246
Belgium,2019,46716.6227467964
Belgium,2018,47487.2100392561
Belize,2021,6122.61158580079
Belize,2020,5227.19363786168
Belize,2019,6190.04792278445
Belize,2018,6031.28139580144
Benin,2021,1318.83497843483
Benin,2020,1197.50136428063
Benin,2019,1130.82135304977
Benin,2018,1151.74096952152
Bermuda,2021,112712.025120653
Bermuda,2020,106973.175732348
Bermuda,2019,115798.040775578
Bermuda,2018,113204.82210838
Bhutan,2021,3570.61257915864
Bhutan,2020,3191.66907031782
Bhutan,2019,3576.87987077877
Bhutan,2018,3400.20417159422
Bolivia,2021,3384.84486479247
Bolivia,2020,3099.94219044572
Bolivia,2019,3503.8960106182
Bolivia,2018,3500.72642189371
Bosnia and Herzegovina,2021,7295.3438240957
Bosnia and Herzegovina,2020,6130.31133245161
Bosnia and Herzegovina,2019,6122.3753450882
Bosnia and Herzegovina,2018,6047.84584261133
Botswana,2021,7808.20623956293
Botswana,2020,6323.31419156209
Botswana,2019,7172.08956480028
Botswana,2018,7407.95940141786
Brazil,2021,7972.53665048385
Brazil,2020,7074.19378281866
Brazil,2019,9029.83326742175
Brazil,2018,9300.66164936497
Brunei Darussalam,2021,31006.9636220576
Brunei Darussalam,2020,26834.3592463839
Brunei Darussalam,2019,30426.5730284202
Brunei Darussalam,2018,30988.1190497851
Bulgaria,2021,12274.0775950496
Bulgaria,2020,10198.5388313404
Bulgaria,2019,9838.60058985384
Bulgaria,2018,9436.14479876055
Burkina Faso,2021,895.535288442991
Burkina Faso,2020,825.237038782475
Burkina Faso,2019,764.853077774946
Burkina Faso,2018,777.465618514048
Burundi,2021,214.091455416133
Burundi,2020,210.008139902508
Burundi,2019,210.236494521532
Burundi,2018,224.89939239264
Cabo Verde,2021,3971.4440744985
Cabo Verde,2020,3539.22662027109
Cabo Verde,2019,4380.7811916403
Cabo Verde,2018,4294.96510456428
Cambodia,2021,2167.40324198499
Cambodia,2020,2081.73914242939
Cambodia,2019,2225.87705485686
Cambodia,2018,2036.67377566578
Cameroon,2021,1672.32657340872
Cameroon,2020,1555.60370660749
Cameroon,2019,1555.22660476477
Cameroon,2018,1610.69641591017
Canada,2021,52496.8441693242
Canada,2020,43537.839298904
Canada,2019,46352.8693445211
Canada,2018,46539.1761570405
Cayman Islands,2021,86438.445257404
Cayman Islands,2020,82338.7982853661
Cayman Islands,2019,88254.2903677044
Cayman Islands,2018,83865.5531568184
Central African Republic,2021,492.263142830507
Central African Republic,2020,462.879071294011
Central African Republic,2019,449.228467602439
Central African Republic,2018,455.243962859534
Chad,2021,660.747192555507
Chad,2020,622.095543396442
Chad,2019,678.142035723965
Chad,2018,695.642393675941
Channel Islands,2021,66912.1750054447
Channel Islands,2020,56785.9402392525
Channel Islands,2019,60568.1085272721
Channel Islands,2018,60783.3533081111
Chile,2021,16216.5706467899
Chile,2020,13114.815470545
Chile,2019,14495.716721687
Chile,2018,15659.4808675628
China,2021,12617.5051041181
China,2020,10408.7195541075
China,2019,10143.8602206165
China,2018,9905.40638304527
Colombia,2021,6222.62164397614
Colombia,2020,5339.68711357943
Colombia,2019,6472.54544924705
Colombia,2018,6816.96818309544
Comoros,2021,1584.12450153608
Comoros,2020,1527.16991011916
Comoros,2019,1519.26386436068
Comoros,2018,1540.71132257526
"Congo, Dem. Rep.",2021,558.034077296358
"Congo, Dem. Rep.",2020,507.521230077872
"Congo, Dem. Rep.",2019,557.044161335917
"Congo, Dem. Rep.",2018,528.256019777898
"Congo, Rep.",2021,2516.16255145432
"Congo, Rep.",2020,1993.586671931
"Congo, Rep.",2019,2488.42466724916
"Congo, Rep.",2018,2694.43413191427
Costa Rica,2021,12838.1185358931
Costa Rica,2020,12394.0493969492
Costa Rica,2019,12884.6859951989
Costa Rica,2018,12590.2493781614
Cote d'Ivoire,2021,2455.98127641148
Cote d'Ivoire,2020,2179.72934832935
Cote d'Ivoire,2019,2141.76836170115
Cote d'Ivoire,2018,2130.86619381144
Croatia,2021,17789.9304736722
Croatia,2020,14808.4620188819
Croatia,2019,15563.8167397199
Croatia,2018,15460.4183295843
Cuba,2020,9605.26125067263
Cuba,2019,9232.26115935183
Cuba,2018,8911.46205964193
Curacao,2021,17980.0888397547
Curacao,2020,16356.0933594414
Curacao,2019,19220.6866958303
Curacao,2018,19119.1243941688
Cyprus,2021,33734.29296875
Cyprus,2020,28649.015625
Cyprus,2019,29703.052734375
Cyprus,2018,29599.986328125
Czechia,2021,27696.4619527544
Czechia,2020,23472.8915454417
Czechia,2019,24062.7190013343
Czechia,2018,23705.9329811299
Denmark,2021,69727.9873677012
Denmark,2020,60985.4885601514
Denmark,2019,59404.2663247723
Denmark,2018,61324.7665045565
Djibouti,2021,3019.69343880209
Djibouti,2020,2881.99924450145
Djibouti,2019,2837.17103336917
Djibouti,2018,2718.0853229414
Dominica,2021,8262.65091316727
Dominica,2020,7461.77933220095
Dominica,2019,9009.09011545429
Dominica,2018,8137.56520624242
Dominican Republic,2021,8472.47982000992
Dominican Republic,2020,7162.29175242114
Dominican Republic,2019,8164.22080932117
Dominican Republic,2018,7934.98141208525
Ecuador,2021,6075.8026572556
Ecuador,2020,5463.64509649315
Ecuador,2019,6205.05759479761
Ecuador,2018,6303.91892523596
"Egypt, Arab Rep.",2021,3827.35415374308
"Egypt, Arab Rep.",2020,3511.11381026379
"Egypt, Arab Rep.",2019,2962.98892023003
"Egypt, Arab Rep.",2018,2484.70315630508
El Salvador,2021,4642.60743101342
El Salvador,2020,3997.19279583709
El Salvador,2019,4320.11671534627
El Salvador,2018,4183.54620971358
Equatorial Guinea,2021,6945.63069794539
Equatorial Guinea,2020,5764.05502912947
Equatorial Guinea,2019,6804.14923073888
Equatorial Guinea,2018,8102.47084834031
Estonia,2021,27953.7670230126
Estonia,2020,23933.9939421065
Estonia,2019,24021.2501413306
Estonia,2018,23618.1361254581
Eswatini,2021,3926.48687364215
Eswatini,2020,3442.3216527415
Eswatini,2019,3894.32951592818
Eswatini,2018,3986.10557163026
Ethiopia,2021,910.947840320752
Ethiopia,2020,905.313175805855
Ethiopia,2019,828.70897229725
Ethiopia,2018,747.968143637014
Faroe Islands,2021,68736.505610554
Faroe Islands,2020,62236.0866558197
Faroe Islands,2019,63064.6343127366
Faroe Islands,2018,62524.0387361638
Fiji,2021,4696.17101880318
Fiji,2020,4844.42129036462
Fiji,2019,5950.82868635508
Fiji,2018,6085.41979209299
Finland,2021,53099.1351400148
Finland,2020,48828.6846862799
Finland,2019,48358.1807773701
Finland,2018,49654.2497035329
France,2021,43725.0999521245
France,2020,39169.8606000707
France,2019,40408.2848574751
France,2018,41418.1766484844
French Polynesia,2021,21982.9038942614
French Polynesia,2020,20746.2720428286
French Polynesia,2019,21582.5892046801
French Polynesia,2018,21925.616043938
Gabon,2021,8181.40914134656
Gabon,2020,6605.80346077565
Gabon,2019,7441.1786472281
Gabon,2018,7624.2775233771
"Gambia, The",2021,781.890925169531
"Gambia, The",2020,720.335143352133
"Gambia, The",2019,738.186751987483
"Gambia, The",2018,696.219806960615
Georgia,2021,5083.60695484577
Georgia,2020,4300.85701291207
Georgia,2019,4741.2832715876
Georgia,2018,4804.0546040444
Germany,2021,52265.6541620571
Germany,2020,47379.765194548
Germany,2019,47623.8656074829
Germany,2018,48874.8595028454
Ghana,2021,2445.50081810782
Ghana,2020,2196.54789313621
Ghana,2019,2186.18924111824
Ghana,2018,2196.61290615342
Greece,2021,20654.7001960815
Greece,2020,17886.733165236
Greece,2019,19335.3602002969
Greece,2018,19873.4015238771
Greenland,2021,57116.295770722
Greenland,2020,54693.0766804265
Greenland,2019,53309.2035905065
Greenland,2018,54545.135857765
Grenada,2021,9622.24050459345
Grenada,2020,8968.55890108484
Grenada,2019,10462.7929159533
Grenada,2018,10083.021279225
Guam,2021,38074.8793745801
Guam,2020,36482.9363953675
Guam,2019,39274.9431424899
Guam,2018,37195.9503070464
Guatemala,2021,4913.94712869347
Guatemala,2020,4477.61761796418
Guatemala,2019,4511.99755157656
Guatemala,2018,4352.94651790253
Guinea,2021,1244.96550477914
Guinea,2020,1053.66097696415
Guinea,2019,1031.34146480732
Guinea,2018,933.273615633705
Guinea-Bissau,2021,900.407780831491
Guinea-Bissau,2020,817.780335749159
Guinea-Bissau,2019,807.359903965493
Guinea-Bissau,2018,808.531613218504
Guyana,2021,9860.87233445443
Guyana,2020,6775.70939096303
Guyana,2019,6405.82443444562
Guyana,2018,6048.38697180418
Haiti,2021,1835.44394078496
Haiti,2020,1290.32538667383
Haiti,2019,1352.17204191532
Haiti,2018,1496.38048970156
Honduras,2021,2735.14751503977
Honduras,2020,2307.61494319511
Honduras,2019,2502.32744328073
Honduras,2018,2464.64241531918
"Hong Kong SAR, China",2021,49770.5642374739
"Hong Kong SAR, China",2020,46109.2299946609
"Hong Kong SAR, China",2019,48359.0011950597
"Hong Kong SAR, China",2018,48537.5668888343
Hungary,2021,18755.1023464312
Hungary,2020,16131.9540355923
Hungary,2019,16786.2136399075
Hungary,2018,16425.2050299693
Iceland,2021,69325.9078287926
Iceland,2020,59023.5663465778
Iceland,2019,68452.23622306
Iceland,2018,74452.1890731447
India,2021,2239.61384367482
India,2020,1907.04251637669
India,2019,2041.42863698585
India,2018,1966.25455171679
Indonesia,2021,4287.17313989405
Indonesia,2020,3853.70288778903
Indonesia,2019,4106.94856173421
Indonesia,2018,3860.95353077708
"Iran, Islamic Rep.",2021,4334.79268631354
"Iran, Islamic Rep.",2020,2988.78122414716
"Iran, Islamic Rep.",2019,3831.27894763337
"Iran, Islamic Rep.",2018,4631.78709016514
Iraq,2021,4868.49431080783
Iraq,2020,4295.18945121228
Iraq,2019,5671.8568632942
Iraq,2018,5646.68932074742
Ireland,2021,105561.137468992
Ireland,2020,87567.1148972037
Ireland,2019,82508.4659883582
Ireland,2018,81248.3135388
Isle of Man,2021,94299.969348965
Isle of Man,2020,79513.5330346598
Isle of Man,2019,87127.5517977404
Isle of Man,2018,89393.8244248812
Israel,2021,52255.6159050999
Israel,2020,44679.7715799755
Israel,2019,44140.8289372511
Israel,2018,42233.2610344935
Italy,2021,36852.5425414951
Italy,2020,32091.4866621366
Italy,2019,33812.788724868
Italy,2018,34746.3441392416
Jamaica,2021,5165.33780988607
Jamaica,2020,4879.44024631319
Jamaica,2019,5607.24300668501
Jamaica,2018,5578.10346083169
Japan,2021,40058.5373276179
Japan,2020,40040.7655055923
Japan,2019,40415.9567649547
Japan,2018,39751.1330982711
Jordan,2021,4183.49998326866
Jordan,2020,4022.0401356135
Jordan,2019,4170.1144003465
Jordan,2018,4145.43989673265
Kazakhstan,2021,9983.60103576902
Kazakhstan,2020,8781.50797787648
Kazakhstan,2019,9457.12614657136
Kazakhstan,2018,9472.48527327758
Kenya,2021,2061.35622089594
Kenya,2020,1927.66459027849
Kenya,2019,1960.40808854893
Kenya,2018,1836.45275528993
Kiribati,2021,2253.82500103057
Kiribati,2020,1769.43211760217
Kiribati,2019,1750.99750920482
Kiribati,2018,1912.73798131035
"Korea, Rep.",2021,35125.5224984723
"Korea, Rep.",2020,31721.2989141857
"Korea, Rep.",2019,31902.4169048194
"Korea, Rep.",2018,33447.1562836166
Kosovo,2021,5270.42670206205
Kosovo,2020,4310.88824737367
Kosovo,2019,4415.99716107514
Kosovo,2018,4384.18624084947
Kuwait,2021,34043.542153557
Kuwait,2020,25236.0755520534
Kuwait,2019,31707.8737464917
Kuwait,2018,32067.9623689512
Kyrgyz Republic,2021,1349.99730650542
Kyrgyz Republic,2020,1229.51775742135
Kyrgyz Republic,2019,1421.99927504102
Kyrgyz Republic,2018,1283.52040333083
Lao PDR,2021,2526.05105018529
Lao PDR,2020,2583.77730696131
Lao PDR,2019,2589.32081035237
Lao PDR,2018,2545.1075420815
Latvia,2021,20262.8433862451
Latvia,2020,17564.2321549354
Latvia,2019,17294.9751600969
Latvia,2018,17252.1710428626
Lebanon,2021,4045.37391066234
Lebanon,2020,5561.19166950397
Lebanon,2019,8905.88005497437
Lebanon,2018,9174.53666204759
Lesotho,2021,1066.58645143823
Lesotho,2020,918.582577421982
Lesotho,2019,1082.05706777516
Lesotho,2018,1170.65569702819
Liberia,2021,667.96610514319
Liberia,2020,616.787867006715
Liberia,2019,658.164180770507
Liberia,2018,692.203127129794
Libya,2021,4935.82787349801
Libya,2020,6650.33810585348
Libya,2019,9963.19489084483
Libya,2018,11196.5854810844
Liechtenstein,2021,196783.729414593
Liechtenstein,2020,164671.093553454
Liechtenstein,2019,166907.839305016
Liechtenstein,2018,174988.775083446
Lithuania,2021,23934.728489916
Lithuania,2020,20541.824988603
Lithuania,2019,19727.7607453736
Lithuania,2018,19368.5391045353
Luxembourg,2021,133711.794435985
Luxembourg,2020,116905.370396853
Luxembourg,2019,112726.439672814
Luxembourg,2018,116786.511654677
"Macao SAR, China",2021,45376.314586156
"Macao SAR, China",2020,36976.2561071429
"Macao SAR, China",2019,81967.699172769
"Macao SAR, China",2018,83761.8171798142
Madagascar,2021,490.206238571448
Madagascar,2020,450.771615201509
Madagascar,2019,499.818837622534
Madagascar,2018,500.45718552916
Malawi,2021,617.447520802454
Malawi,2020,602.507478176106
Malawi,2019,580.889816066776
Malawi,2018,533.203173686705
Malaysia,2021,10903.1116425938
Malaysia,2020,9957.52626697613
Malaysia,2019,10920.191763972
Malaysia,2018,10901.8019954421
Maldives,2021,10176.143882547
Maldives,2020,7393.8886543933
Maldives,2019,11740.2724029785
Maldives,2018,11423.2838427029
Mali,2021,862.467400106111
Mali,2020,804.343956745857
Mali,2019,820.197390833912
Mali,2018,835.086710561793
Malta,2021,38027.3801730893
Malta,2020,31796.8213417258
Malta,2019,32412.2697818499
Malta,2018,33332.1905601302
Marshall Islands,2021,6258.61193705127
Marshall Islands,2020,5661.96787336674
Marshall Islands,2019,5292.33985502306
Marshall Islands,2018,4858.12079054875
Mauritania,2021,1947.78918383313
Mauritania,2020,1795.76459566714
Mauritania,2019,1767.072710621
Mauritania,2018,1722.93528854073
Mauritius,2021,9068.97300226707
Mauritius,2020,9011.04288445023
Mauritius,2019,11403.2527870674
Mauritius,2018,11643.4605962124
Mexico,2021,10314.0506741437
Mexico,2020,8841.27075003163
Mexico,2019,10369.5553568761
Mexico,2018,10084.7937562021
"Micronesia, Fed. Sts.",2021,3493.87228552999
"Micronesia, Fed. Sts.",2020,3353.8894298388
"Micronesia, Fed. Sts.",2019,3572.65918282222
"Micronesia, Fed. Sts.",2018,3566.58690371125
Moldova,2021,5274.60582195352
Moldova,2020,4375.7788930524
Moldova,2019,4405.33418162155
Moldova,2018,4156.44981956646
Monaco,2021,223823.363960226
Monaco,2020,176891.886538492
Monaco,2019,193746.785647412
Monaco,2018,188298.315668437
Mongolia,2021,4517.61578018785
Mongolia,2020,4001.25193077703
Mongolia,2019,4347.54610314873
Mongolia,2018,4107.64288528468
Montenegro,2021,9465.96153027794
Montenegro,2020,7677.37132106817
Montenegro,2019,8909.6538759126
Montenegro,2018,8850.3749248372
Morocco,2021,3785.93627929688
Morocco,2020,3268.0302734375
Morocco,2019,3508.09765625
Morocco,2018,3501.69799804688
Mozambique,2021,509.907829475551
Mozambique,2020,462.433876479921
Mozambique,2019,519.09255091362
Mozambique,2018,517.507260258101
Myanmar,2021,1242.72134419599
Myanmar,2020,1490.21683548367
Myanmar,2019,1425.98954211903
Myanmar,2018,1298.21310320785
Namibia,2021,4412.8355693052
Namibia,2020,3878.58982993966
Namibia,2019,4731.9210318831
Namibia,2018,5308.60813408705
Nauru,2021,14989.6647450751
Nauru,2020,10695.6993301601
Nauru,2019,10776.8284610316
Nauru,2018,11408.6947593898
Nepal,2021,1252.75076731986
Nepal,2020,1154.21517578318
Nepal,2019,1203.14294706401
Nepal,2018,1179.19843190389
Netherlands,2021,60141.9880911492
Netherlands,2020,53467.9277413737
Netherlands,2019,53554.9007491475
Netherlands,2018,53955.0770024266
New Caledonia,2021,35311.5543551452
New Caledonia,2020,33270.330597637
New Caledonia,2019,33411.3358835672
New Caledonia,2018,34902.8968780031
New Zealand,2021,49624.1816729553
New Zealand,2020,41785.6922905898
New Zealand,2019,42747.2099299966
New Zealand,2018,43228.6976473771
Nicaragua,2021,2128.60980633198
Nicaragua,2020,1931.61515811642
Nicaragua,2019,1958.62132892996
Nicaragua,2018,2035.16750115975
Niger,2021,608.722439593808
Niger,2020,579.512495758236
Niger,2019,561.691304349698
Niger,2018,578.568035680892
Nigeria,2021,2017.27486481527
Nigeria,2020,2019.65706326224
Nigeria,2019,2265.15520863056
Nigeria,2018,2057.87944554011
North Macedonia,2021,7620.80296977508
North Macedonia,2020,6659.59651070776
North Macedonia,2019,6718.85826635458
North Macedonia,2018,6713.98925398989
Northern Mariana Islands,2021,19455.50139424
Northern Mariana Islands,2020,18220.8382427201
Northern Mariana Islands,2019,24496.6652122421
Northern Mariana Islands,2018,26509.3628379893
Norway,2021,93072.8925119571
Norway,2020,68340.0181033702
Norway,2019,76430.5889473338
Norway,2018,82792.8427113304
Oman,2021,19403.4600160211
Oman,2020,16784.8630630058
Oman,2019,19180.1864152801
Oman,2018,19901.7615642016
Pakistan,2021,1455.31922370186
Pakistan,2020,1278.39735206896
Pakistan,2019,1390.41690981745
Pakistan,2018,1569.33814626355
Palau,2021,13257.2066721026
Palau,2020,14556.5896891862
Palau,2019,15841.1935329812
Palau,2018,16197.7254546986
Panama,2021,15509.8069109784
Panama,2020,13290.5608347594
Panama,2019,16477.9066285687
Panama,2018,16151.3273478476
Papua New Guinea,2021,2607.57861884395
Papua New Guinea,2020,2429.61134586681
Papua New Guinea,2019,2575.77274251891
Papua New Guinea,2018,2566.36833735041
Paraguay,2021,5976.9317978996
Paraguay,2020,5365.47220721191
Paraguay,2019,5821.18199548637
Paraguay,2018,6258.44991640954
Peru,2021,6826.9720069846
Peru,2020,6133.32552410183
Peru,2019,7037.00803692604
Peru,2018,6978.49121548627
Philippines,2021,3484.38593882819
Philippines,2020,3227.57910235199
Philippines,2019,3400.78949772302
Philippines,2018,3168.51036606257
Poland,2021,18635.5104895754
Poland,2020,15987.5753654045
Poland,2019,15874.5220531254
Poland,2018,15658.2120316794
Portugal,2021,24711.4510062111
Portugal,2020,22299.4044062173
Portugal,2019,23343.3628970034
Portugal,2018,23541.1401075289
Puerto Rico,2021,32619.250416757
Puerto Rico,2020,31427.4291136799
Puerto Rico,2019,32916.866800639
Puerto Rico,2018,31615.0667918433
Qatar,2021,71751.8831234838
Qatar,2020,51683.5054353851
Qatar,2019,66841.3013472693
Qatar,2018,71039.8490579352
Romania,2021,14986.7854904274
Romania,2020,13082.3006559554
Romania,2019,12992.0326104674
Romania,2018,12502.2624061935
Russian Federation,2021,12521.5224609375
Russian Federation,2020,10108.3271484375
Russian Federation,2019,11447.701171875
Russian Federation,2018,11211.8876953125
Rwanda,2021,828.833032800998
Rwanda,2020,778.701538550324
Rwanda,2019,810.051420243718
Rwanda,2018,771.773521962568
Samoa,2021,3947.64517905415
Samoa,2020,4099.6600907147
Samoa,2019,4351.94234943706
Samoa,2018,4231.81409469194
San Marino,2021,54168.9828262684
San Marino,2020,44426.6463400658
San Marino,2019,46627.0122356944
San Marino,2018,47950.6880557136
Sao Tome and Principe,2021,2362.58827248102
Sao Tome and Principe,2020,2167.22001796925
Sao Tome and Principe,2019,1935.2931816596
Sao Tome and Principe,2018,1825.59971753966
Saudi Arabia,2021,28396.0864182336
Saudi Arabia,2020,23271.4037647084
Saudi Arabia,2019,27892.8421521179
Saudi Arabia,2018,28036.0264674095
Senegal,2021,1598.10676952274
Senegal,2020,1461.08720350553
Senegal,2019,1431.18128932159
Senegal,2018,1452.55612562445
Serbia,2021,9680.52798074468
Serbia,2020,8098.70955668849
Serbia,2019,7755.632986437
Serbia,2018,7559.86165747394
Seychelles,2021,14982.9111487767
Seychelles,2020,14041.4754074575
Seychelles,2019,19141.5118743615
Seychelles,2018,18440.2340460932
Sierra Leone,2021,885.184270659578
Sierra Leone,2020,845.313836261458
Sierra Leone,2019,843.71251730417
Sierra Leone,2018,845.914540460932
Singapore,2021,79601.4129622433
Singapore,2020,61466.803676358
Singapore,2019,66081.7199235165
Singapore,2018,66840.6373389791
Sint Maarten (Dutch part),2021,32548.4366854902
Sint Maarten (Dutch part),2020,30150.8998380477
Sint Maarten (Dutch part),2019,34861.469528968
Sint Maarten (Dutch part),2018,31708.3110124742
Slovak Republic,2021,22138.1949833348
Slovak Republic,2020,19735.4858280801
Slovak Republic,2019,19406.0589683582
Slovak Republic,2018,19573.3717031314
Slovenia,2021,29187.369382785
Slovenia,2020,25392.0651093612
Slovenia,2019,25814.1687167572
Slovenia,2018,25888.0481065655
Solomon Islands,2021,1996.86976779348
Solomon Islands,2020,2063.33101522108
Solomon Islands,2019,2223.66502559565
Solomon Islands,2018,2278.20633913383
Somalia,2021,549.114743546859
Somalia,2020,518.184778494176
Somalia,2019,539.893931565468
Somalia,2018,509.525802439801
South Africa,2021,6843.39941886204
South Africa,2020,5580.60383075189
South Africa,2019,6533.71121032856
South Africa,2018,6914.1780318076
Spain,2021,30817.6828559001
Spain,2020,27230.3599933583
Spain,2019,29776.2011500384
Spain,2018,30592.1264795541
Sri Lanka,2021,3999.33764677637
Sri Lanka,2020,3846.17449566736
Sri Lanka,2019,4082.69404871533
Sri Lanka,2018,4360.58473469252
St. Kitts and Nevis,2021,18361.1449697886
St. Kitts and Nevis,2020,18859.0190361046
St. Kitts and Nevis,2019,23595.4923231291
St. Kitts and Nevis,2018,22901.3816403197
St. Lucia,2021,10459.1321248092
St. Lucia,2020,8411.19941821204
St. Lucia,2019,11794.2056521711
St. Lucia,2018,11642.7403185172
St. Martin (French part),2021,21668.3776525323
St. Martin (French part),2019,19033.0649634889
St. Vincent and the Grenadines,2021,8481.30537359541
St. Vincent and the Grenadines,2020,8395.09988902412
St. Vincent and the Grenadines,2019,8743.33202133753
St. Vincent and the Grenadines,2018,8428.12677153069
Sudan,2021,712.122009277344
Sudan,2020,577.795227050781
Sudan,2019,709.975280761719
Sudan,2018,731.027465820313
Suriname,2021,5029.84838543953
Suriname,2020,4755.39221710693
Suriname,2019,6629.66775248603
Suriname,2018,6665.74180472239
Sweden,2021,61174.9680215622
Sweden,2020,52653.7565934247
Sweden,2019,51773.0464558993
Sweden,2018,54181.9069780904
Switzerland,2021,93446.4344518943
Switzerland,2020,85897.7843338323
Switzerland,2019,84121.9310304414
Switzerland,2018,85217.3691512274
Syrian Arab Republic,2021,663.614245706815
Syrian Arab Republic,2020,572.355289831901
Syrian Arab Republic,2019,1109.53926036049
Syrian Arab Republic,2018,1098.0668642357
Tajikistan,2021,896.748053372182
Tajikistan,2020,834.311715460625
Tajikistan,2019,871.022372934846
Tajikistan,2018,834.288404578801
Tanzania,2021,1159.85656738281
Tanzania,2020,1117.41528320313
Tanzania,2019,1063.32250976563
Tanzania,2018,1023.10626220703
Thailand,2021,7058.0694998852
Thailand,2020,6985.64393892574
Thailand,2019,7605.69657797759
Thailand,2018,7099.77650081458
Timor-Leste,2021,2684.82704373402
Timor-Leste,2020,1630.86935439232
Timor-Leste,2019,1562.36458881813
Timor-Leste,2018,1219.46598597604
Togo,2021,939.613373786407
Togo,2020,853.578220263722
Togo,2019,826.260654099894
Togo,2018,851.130806891807
Tonga,2021,4912.57950603175
Tonga,2020,4700.44932800575
Tonga,2019,4676.84790348236
Tonga,2018,4638.89774268789
Trinidad and Tobago,2021,17912.5106245714
Trinidad and Tobago,2020,15224.5083495616
Trinidad and Tobago,2019,17431.0269266696
Trinidad and Tobago,2018,18076.3565550233
Tunisia,2021,3885.28166485296
Tunisia,2020,3548.65363663803
Tunisia,2019,3528.87213306798
Tunisia,2018,3628.10366464236
Turkiye,2021,9743.21277804855
Turkiye,2020,8638.73903848102
Turkiye,2019,9215.44049888114
Turkiye,2018,9568.83506330228
Turkmenistan,2021,7051.20211079213
Turkmenistan,2020,6592.60146027748
Turkmenistan,2019,6648.0348960628
Turkmenistan,2018,6125.05169712085
Turks and Caicos Islands,2021,23114.7902123091
Turks and Caicos Islands,2020,17452.6578046047
Turks and Caicos Islands,2019,27273.4376992357
Turks and Caicos Islands,2018,27160.1579568902
Tuvalu,2021,5905.08198095343
Tuvalu,2020,4976.11254109571
Tuvalu,2019,5115.13075950206
Tuvalu,2018,4466.12034928245
Uganda,2021,882.791717542504
Uganda,2020,845.766463890124
Uganda,2019,822.057058189153
Uganda,2018,792.16570022814
Ukraine,2021,4775.94580078125
Ukraine,2020,3709.76928710938
Ukraine,2019,3619.86157226563
Ukraine,2018,3059.0517578125
United Arab Emirates,2021,43360.0211014806
United Arab Emirates,2020,37173.8754100281
United Arab Emirates,2019,44251.4541390148
United Arab Emirates,2018,45689.8570040215
United Kingdom,2021,46896.8662432834
United Kingdom,2020,40201.6812422928
United Kingdom,2019,42662.5353740311
United Kingdom,2018,43203.8141057739
United States,2021,71318.3073592183
United States,2020,64411.3731779373
United States,2019,65604.6815198734
United States,2018,63201.0458483771
Uruguay,2021,17888.211510172
Uruguay,2020,15789.6857422214
Uruguay,2019,18315.7352857194
Uruguay,2018,19249.9401532664
Uzbekistan,2021,2258.51964119278
Uzbekistan,2020,1978.28051860763
Uzbekistan,2019,2041.38480729431
Uzbekistan,2018,1813.08530813664
Vanuatu,2021,3107.20312858002
Vanuatu,2020,3042.98711598286
Vanuatu,2019,3207.44650452083
Vanuatu,2018,3206.68930842127
Viet Nam,2021,3704.1935590038
Viet Nam,2020,3534.03953482647
Viet Nam,2019,3440.90025375434
Viet Nam,2018,3222.31003125366
Virgin Islands (U.S.),2021,42571.0777368471
Virgin Islands (U.S.),2020,39787.3741650202
Virgin Islands (U.S.),2019,38633.5298915336
Virgin Islands (U.S.),2018,36663.2087550584
West Bank and Gaza,2021,3678.63565662194
West Bank and Gaza,2020,3233.56863835858
West Bank and Gaza,2019,3656.85827137011
West Bank and Gaza,2018,3562.33094270256
"Yemen, Rep.",2021,522.173512705812
"Yemen, Rep.",2020,559.564672794182
"Yemen, Rep.",2019,623.376164898164
"Yemen, Rep.",2018,633.887206000087
Zambia,2021,1127.16077872857
Zambia,2020,951.644316655957
Zambia,2019,1258.98619844462
Zambia,2018,1463.89997855593
Zimbabwe,2021,1724.38773104902
Zimbabwe,2020,1730.41348946953
Zimbabwe,2019,1684.02790388182
Zimbabwe,2018,2271.8533351306
